:020000040800F2
:100000000000052475290008E1230008E323000807
:10001000E5230008E7230008E923000800000000AA
:1000200000000000000000000000000081D4000873
:10003000EB2300080000000021D5000843D0000891
:10004000C5290008C5290008C5290008C5290008D8
:10005000C5290008C5290008C5290008C5290008C8
:10006000C5290008C5290008C5290008ED23000896
:10007000FD230008C5290008C5290008C529000876
:10008000C5290008C5290008C52900080D24000855
:100090001D2400082D2400083D240008C52900085F
:1000A000C5290008C5290008C5290008C529000878
:1000B000C5290008C5290008C5290008C529000868
:1000C000C5290008C5290008C5290008C529000858
:1000D000C5290008C5290008C5290008C529000848
:1000E000C5290008C529000800000000C52900082E
:1000F000C52900084D240008C5290008C5290008A5
:10010000C5290008C5290008C5290008C529000817
:10011000C52900085D240008C5290008C529000874
:10012000C5290008C5290008C5290008C5290008F7
:10013000C5290008C5290008C5290008C5290008E7
:1001400000000000000000000000000000000000AF
:10015000C5290008C5290008C5290008C5290008C7
:10016000C5290008C5290008C5290008C5290008B7
:10017000C52900086D240008C529000800000000FA
:10018000C5290008C52900087D240008C5290008E4
:10019000C5290008C5290008C5290008C529000887
:1001A000C5290008C5290008C5290008000000006D
:1001B000C5290008C5290008C5290008C529000867
:1001C000C5290008C5290008000000000000000043
:1001D0000000000000000000C52900080000000029
:1001E000000000000000000000000000000000000F
:1001F0000000000000000000C5290008C529000813
:10020000C5290008C529000800000000C52900080C
:10021000C5290008C5290008C5290008C529000806
:10022000C529000800000000C529000800000000E2
:10023000C5290008C529000800000000C5290008DC
:10024000C5290008C5290008C5290008C5290008D6
:10025000C5290008C5290008C5290008C5290008C6
:10026000C5290008C5290008C5290008C5290008B6
:10027000C5290008C5290008C5290008000000009C
:10028000C5290008C5290008C5290008C529000896
:1002900000000000C5290008C52900080000000072
:1002A00000000000C5290008C5290008C52900086C
:1002B000C5290008C5290008C52900088D240008A3
:0C02C0009D240008C5290008C52900087D
:1002D00081F0004102E000BF83F0004330B54FEAF7
:1002E00041044FEA430594EA050F08BF90EA020F64
:1002F0001FBF54EA000C55EA020C7FEA645C7FEAF7
:10030000655C00F0E2804FEA5454D4EB5555B8BF19
:100310006D420CDD2C4480EA020281EA030382EA8A
:10032000000083EA010180EA020281EA0303362D1C
:1003300088BF30BD11F0004F4FEA01314FF4801CEF
:100340004CEA113102D0404261EB410113F0004F01
:100350004FEA03334CEA133302D0524263EB4303B8
:1003600094EA050F00F0A780A4F10104D5F1200E56
:100370000DDB02FA0EFC22FA05F2801841F10001B1
:1003800003FA0EF2801843FA05F359410EE0A5F185
:1003900020050EF1200E012A03FA0EFC28BF4CF0B6
:1003A000020C43FA05F3C01851EBE37101F000456C
:1003B00007D54FF0000EDCF1000C7EEB00006EEB79
:1003C0000101B1F5801F1BD3B1F5001F0CD3490803
:1003D0005FEA30004FEA3C0C04F101044FEA44525A
:1003E00012F5800F80F09A80BCF1004F08BF5FEAE1
:1003F000500C50F1000041EB045141EA050130BDC1
:100400005FEA4C0C404141EB0101013C28BFB1F5D2
:10041000801FE9D291F0000F04BF01460020B1FA1D
:1004200081F308BF2033A3F10B03B3F120020CDAF0
:100430000C3208DD02F1140CC2F10C0201FA0CF0CE
:1004400021FA02F10CE002F11402D8BFC2F1200C33
:1004500001FA02F120FA0CFCDCBF41EA0C019040E9
:10046000E41AA2BF01EB0451294330BD6FEA040432
:100470001F3C1CDA0C340EDC04F11404C4F120021D
:1004800020FA04F001FA02F340EA030021FA04F32F
:1004900045EA030130BDC4F10C04C4F1200220FA86
:1004A00002F001FA04F340EA0300294630BD21FAC4
:1004B00004F0294630BD94F0000F83F4801306BF8A
:1004C00081F480110134013D4EE77FEA645C18BF7E
:1004D0007FEA655C29D094EA050F08BF90EA020F15
:1004E00005D054EA000C04BF1946104630BD91EA0D
:1004F000030F1EBF0021002030BD5FEA545C05D110
:100500004000494128BF41F0004130BD14F580044E
:100510003CBF01F5801130BD01F0004545F0FE41C2
:1005200041F470014FF0000030BD7FEA645C1ABFF7
:10053000194610467FEA655C1CBF0B46024650EA2E
:10054000013406BF52EA033591EA030F41F400215A
:1005500030BD00BF90F0000F04BF0021704730B5E0
:100560004FF4806404F132044FF000054FF00001B5
:1005700050E700BF90F0000F04BF0021704730B576
:100580004FF4806404F1320410F0004548BF40424B
:100590004FF000013EE700BF42004FEAE2014FEAA0
:1005A00031014FEA02701FBF12F07F4393F07F4F7B
:1005B00081F06051704732F07F4208BF704793F07E
:1005C0007F4F04BF41F40021704730B54FF4607491
:1005D00001F0004521F000411CE700BF50EA010294
:1005E00008BF704730B54FF000050AE050EA01023D
:1005F00008BF704730B511F0004502D5404261EBAD
:1006000041014FF4806404F132045FEA915C3FF4ED
:10061000D8AE4FF003025FEADC0C18BF03325FEA8A
:10062000DC0C18BF033202EBDC02C2F1200300FA3B
:1006300003FC20FA02F001FA03FE40EA0E0021FA60
:1006400002F11444BDE600BF70B54FF0FF0C4CF44E
:10065000E06C1CEA11541DBF1CEA135594EA0C0F00
:1006600095EA0C0F00F0DEF82C4481EA030621EA3B
:100670004C5123EA4C5350EA013518BF52EA033576
:1006800041F4801143F4801338D0A0FB02CE4FF028
:100690000005E1FB02E506F00042E0FB03E54FF058
:1006A0000006E1FB03569CF0000F18BF4EF0010E50
:1006B000A4F1FF04B6F5007F64F5407404D25FEA4C
:1006C0004E0E6D4146EB060642EAC62141EA5551FF
:1006D0004FEAC52040EA5E504FEACE2EB4F1FD0C41
:1006E00088BFBCF5E06F1ED8BEF1004F08BF5FEABF
:1006F000500E50F1000041EB045170BD06F0004671
:1007000046EA010140EA020081EA0301B4EB5C041D
:10071000C2BFD4EB0C0541EA045170BD41F4801115
:100720004FF0000E013C00F3AB8014F1360FDEBF3A
:10073000002001F0004170BDC4F10004203C35DA16
:100740000C341BDC04F11404C4F1200500FA05F399
:1007500020FA04F001FA05F240EA020001F000423A
:1007600021F0004110EBD37021FA04F642EB0601B0
:100770005EEA430E08BF20EAD37070BDC4F10C04DA
:10078000C4F1200500FA04F320FA05F001FA04F29E
:1007900040EA020001F0004110EBD37041F100018A
:1007A0005EEA430E08BF20EAD37070BDC4F1200595
:1007B00000FA05F24EEA020E20FA04F301FA05F2FD
:1007C00043EA020321FA04F001F0004121FA04F2A5
:1007D00020EA020000EBD3705EEA430E08BF20EA75
:1007E000D37070BD94F0000F0FD101F000464000AF
:1007F00041EB010111F4801F08BF013CF7D041EA31
:10080000060195F0000F18BF704703F00046520034
:1008100043EB030313F4801F08BF013DF7D043EA05
:100820000603704794EA0C0F0CEA135518BF95EABB
:100830000C0F0CD050EA410618BF52EA4306D1D142
:1008400081EA030101F000414FF0000070BD50EA61
:10085000410606BF1046194652EA430619D094EAEB
:100860000C0F02D150EA013613D195EA0C0F05D1D5
:1008700052EA03361CBF104619460AD181EA030129
:1008800001F0004141F0FE4141F470014FF00000E1
:1008900070BD41F0FE4141F4780170BD70B54FF07C
:1008A000FF0C4CF4E06C1CEA11541DBF1CEA1355FC
:1008B00094EA0C0F95EA0C0F00F0A7F8A4EB0504DE
:1008C00081EA030E52EA03354FEA013100F08880D5
:1008D0004FEA03334FF0805545EA131343EA12639E
:1008E0004FEA022245EA111545EA10654FEA002653
:1008F0000EF000419D4208BF964244F1FD0404F50C
:10090000407402D25B084FEA3202B61A65EB030567
:100910005B084FEA32024FF480104FF4002CB6EB24
:10092000020E75EB030E22BFB61A754640EA0C00A4
:100930005B084FEA3202B6EB020E75EB030E22BFE4
:10094000B61A754640EA5C005B084FEA3202B6EB25
:10095000020E75EB030E22BFB61A754640EA9C00E4
:100960005B084FEA3202B6EB020E75EB030E22BFB4
:10097000B61A754640EADC0055EA060E18D04FEA72
:10098000051545EA16754FEA06164FEAC30343EA12
:1009900052734FEAC2025FEA1C1CC0D111F4801FDF
:1009A0000BD141EA00014FF000004FF0004CB6E7D8
:1009B00011F4801F04BF01430020B4F1FD0C88BF77
:1009C000BCF5E06F3FF6AFAEB5EB030C04BFB6EB82
:1009D000020C5FEA500C50F1000041EB045170BD75
:1009E0000EF0004E4EEA113114EB5C04C2BFD4EBA2
:1009F0000C0541EA045170BD41F480114FF0000E26
:100A0000013C90E645EA060E8DE60CEA135594EAA1
:100A10000C0F08BF95EA0C0F3FF43BAF94EA0C0FA4
:100A20000AD150EA01347FF434AF95EA0C0F7FF419
:100A300025AF104619462CE795EA0C0F06D152EA6D
:100A400003353FF4FDAE1046194622E750EA410651
:100A500018BF52EA43067FF4C5AE50EA41047FF462
:100A60000DAF52EA43057FF4EBAE12E74FEA4102C5
:100A7000B2F1E04324BFB3F5001CDCF1FE5C0DD9FC
:100A800001F0004C4FEAC0024CEA5070B2F1004F46
:100A900040EB830008BF20F00100704711F0804F49
:100AA00021D113F13872BCBF01F00040704741F40E
:100AB00080114FEA5252C2F11802C2F1200C10FA12
:100AC0000CF320FA02F018BF40F001004FEAC123F6
:100AD0004FEAD32303FA0CFC40EA0C0023FA02F39A
:100AE0004FEA4303CCE77FEA625307D150EA013370
:100AF0001EBF4FF0FE4040F44000704701F0004040
:100B000040F0FE4040F40000704700BF53B94AB9BE
:100B1000002908BF00281CBF4FF0FF314FF0FF3005
:100B200000F00CB8ADF1080C6DE904CE0EF0E2FF58
:100B3000DDF804E0DDE9022304B07047704700BF30
:100B4000844641EA000313F003036DD1403A41D3D8
:100B500051F8043B40F8043B51F8043B40F8043B97
:100B600051F8043B40F8043B51F8043B40F8043B87
:100B700051F8043B40F8043B51F8043B40F8043B77
:100B800051F8043B40F8043B51F8043B40F8043B67
:100B900051F8043B40F8043B51F8043B40F8043B57
:100BA00051F8043B40F8043B51F8043B40F8043B47
:100BB00051F8043B40F8043B51F8043B40F8043B37
:100BC00051F8043B40F8043B51F8043B40F8043B27
:100BD000403ABDD2303211D351F8043B40F8043BC7
:100BE00051F8043B40F8043B51F8043B40F8043B07
:100BF00051F8043B40F8043B103AEDD20C3205D3D7
:100C000051F8043B40F8043B043AF9D2043208D0CE
:100C1000D2071CBF11F8013B00F8013B01D30B8840
:100C200003806046704700BF082A13D38B078DD01E
:100C300010F003038AD0C3F10403D21ADB071CBFF0
:100C400011F8013B00F8013B80D331F8023B20F85A
:100C5000023B7BE7043AD9D3013A11F8013B00F893
:100C6000013BF9D20B7803704B7843708B7883701B
:100C7000604670470348044B834202D0034B03B1E4
:100C800018477047A8060024A806002400000000AA
:100C90000548064B1B1AD90F01EBA301491002D0DE
:100CA000034B03B118477047A8060024A806002488
:100CB0000000000010B5064C237843B9FFF7DAFFB7
:100CC000044B13B10448AFF300800123237010BD1F
:100CD000A8060024000000006412010808B5054BB6
:100CE0001BB105490548AFF30080BDE80840FFF798
:100CF000CFBF00BF00000000AC0600246412010852
:100D0000044B5B69C31A044880FB0320DB17A3EB89
:100D1000E010704768070024D34D6210024B5B69F6
:100D2000024A02FB003070476807002430F8FFFFDA
:100D3000074B5B68002B02DD054B00225A60044B19
:100D40005B6813F5967F02DA014B024A5A607047DE
:100D500000000024D4FEFFFF124B1870124BC3F8A2
:100D60009410022818BF04281AD0B0F1080318BF45
:100D70000123062814D09BB1B0F10E0318BF012344
:100D80000C280DD063B1B0F1140318BF0123112852
:100D900006D02BB1182803D0034B002283F89020F3
:100DA000704700BF64070024C406002400B583B068
:100DB000ADF80430074B83F8931083F89020BDF80A
:100DC0000420A3F891200499FFF7C6FF03B05DF853
:100DD00004FB00BFC4060024044BD3F89430C01AAF
:100DE000092801D90120704700207047C40600245B
:100DF00038B501461548C368DA1704691D1B62EB54
:100E0000E472002A10DB114B5D62114AD2F898207F
:100E10008A1A1A625A6A0F4B9A4207D80B4B1A6AFF
:100E20000D4B9A420AD838BDE51AECE7084B04226C
:100E300083F89C201020FFF78FFFF4E7044B032278
:100E400083F89C201020FFF787FFECE76807002459
:100E5000C4060024BF2709008F5F010038B505468E
:100E60000C46104B93F82D301BB10E4B5B8D1BB213
:100E700053B90C4B83F83350002283F82E202146BF
:100E80001B20FFF769FF38BD0021074802F007FF6C
:100E900018B9044A536801335360024B00225A8543
:100EA000E7E700BF68070024C406002408B50D4B1F
:100EB000D3F89430C31AB3F5967F0DD30146094B8E
:100EC00093F89D30022B08D8064A013382F89D30F2
:100ED00092F89300FFF740FF08BD0220FFF7BEFF26
:100EE000FAE700BFC406002408B528B9054A5368CC
:100EF00001335360012008BD0120FFF7AFFF002040
:100F0000F9E700BF6807002410B50446174B93F8B3
:100F1000323043B103F0FF02012A21D05821144896
:100F200002F0A4FE08E06FF0F901114802F0B7FEEC
:100F30000E4B4FF606725A852146FFF7D5FF70B16A
:100F40000A4890F8323001330A4AA2FB031202F435
:100F5000FF7101EB52029B1ADBB280F8323010BDF8
:100F6000E922E821024802F063FEE5E76807002471
:100F7000C4060024ABAAAAAA38B50446224B586876
:100F8000FFF7CCFE214BDB68C31A83EAE372A2EBC6
:100F9000E372B2F5FA6F03DD002B12DD642500E089
:100FA0000025194B5A68194BDA6193F8323003F077
:100FB000FF024BB1012A21D0E421154802F056FE70
:100FC00008E06FF06305ECE72946114802F067FE80
:100FD0000E4B5D852146FFF787FF70B10B4890F8F7
:100FE000323001330B4AA2FB031202F4FF7101EB12
:100FF00052029B1ADBB280F8323038BDE922E82178
:10100000034802F015FEE5E700000024680700240D
:10101000C4060024ABAAAAAA002800F052812DE938
:10102000F04186B00E4604460546A64A13680133D1
:10103000136055F8057B90F80480FF21582002F0DA
:1010400048FEADF80C00ADF8000043462A4639468C
:101050009D4802F081FE88B3237AA3B90122994BFF
:1010600083F82F20637A83B90122964B83F83020CE
:10107000964B1B780C2B0AD0944B1B780F2B0FD060
:1010800006B0BDE8F0810022E9E70022EDE78E4BD3
:10109000002283F89D2031460D20FFF75DFEEFE72B
:1010A000884B93F82F30002BEAD0874B002283F82F
:1010B0009C2031461020FFF74FFEE1E7276894F8A7
:1010C0000480E921E82002F004FEADF81000ADF83C
:1010D000000043462A4639467B4802F03DFE002880
:1010E00060D1276894F80480FF21E42002F0F1FD2C
:1010F000ADF81400ADF8000043462A463946724860
:1011000002F02AFE002840F09D80704B1B78022BD5
:1011100000F09E806C4B93F89030022BB0D16A485F
:10112000B0F89130ADF8003023792A46216802F0FA
:10113000E4FD0028A4D0644B002283F89D20634B7B
:101140001B78043B142B9BD801A252F823F000BF5C
:1011500091120008811000089B12000881100008FD
:10116000A5120008811000088110000881100008F5
:10117000811000088110000881100008811000080B
:1011800081100008AF1200088110000881100008CB
:1011900081100008811000088110000881100008EB
:1011A000B9120008284602F006FE84B2284602F072
:1011B0000BFE80B240EA0440424CE060E068FFF77A
:1011C0009FFDA061414B1B780E2B0FD03F4B1B782E
:1011D000142B7FF455AF3C4B002283F89D2093F8ED
:1011E0009C00F0B13146FFF739FE49E7364900224D
:1011F00081F89D20E06820612262626284F83220DA
:10120000C1F8986081F89C2094F82F3023B13146C2
:101210001020FFF7A1FD33E731460F20FFF79CFDBB
:101220002EE7284BDA685A6100229A6183F832204F
:101230006FF0630226494A60DA6131461520FFF7F4
:101240008BFD1DE7284602F0B6FD1E4B188517E7FB
:101250001D4B93F89030012B7FF45CAF1A48B0F827
:101260009130ADF8003023792A46216802F074FDF0
:1012700000283FF44FAF134B012283F82C20124B70
:10128000002283F89D2031460320FFF765FDF7E635
:1012900031460520FFF760FDF2E631460720FFF7F3
:1012A0005BFDEDE631460920FFF756FDE8E63146E5
:1012B0001320FFF751FDE3E631461920FFF74CFDFF
:1012C000DEE6704768070024C40600246407002493
:1012D0000000002430B585B0054612E00D4C94F8AE
:1012E0008DC004EB0C130C330FCB8DE80F000CF109
:1012F000010C0CF0070C84F88DC029466846FFF7F6
:101300008BFE044B93F88D2093F88C309342E5D1FB
:1013100005B030BDC40600242DE9F04182B0064678
:101320000F461446DFF84C80A022002140460EF004
:101330005DFD0E4D3422002128460EF057FD00972A
:10134000334600220121404602F03DFC084A0123B9
:1013500013706FF063035360002085F82E00EB617B
:101360002146FFF7F9FC02B0BDE8F08168070024D0
:1013700000000024C406002410B58CB00446FFF71A
:10138000A9FFB34B1B781A2B41D8DFE813F01B00E1
:1013900027003D0042003D005D003D007A003D0019
:1013A0009900B300DC003D00F4003D00130127016B
:1013B0003D00400042013D006901A401B2013D0031
:1013C000CD01E601A34BD3F89430E31AB3F5FA7FCD
:1013D0001DD321460120FFF7BFFC18E0E3219D4803
:1013E00002F044FC2146FFF77FFD80B1FF21E3209E
:1013F00002F06FFCADF80C000094039B0122114633
:101400000220FFF7D3FC02E02046FFF74FFD0CB0AF
:1014100010BD2046FFF7E0FC0028F8D08D4802F010
:101420002AFC2146FFF760FD0028F0D0FF214A206A
:1014300002F04FFCADF810000094049B022203213F
:101440000420FFF7B3FCE2E72046FFF7C5FC0028C5
:10145000DDD0012211467F4802F013FC2146FFF740
:1014600043FD0028D3D00A21022002F032FCADF85F
:1014700014000094059B022205210620FFF796FC2C
:10148000C5E72046FFF7A8FC0028C0D0002171481E
:1014900002F005FC2146FFF727FD0028B7D06E4B70
:1014A00000225A85FF21102002F013FCADF818002D
:1014B0000094069B022207210820FFF777FCA6E78D
:1014C0002046FFF789FC0028A1D0644B1B7823B984
:1014D00021461A20FFF740FC99E75E4802F0E5FB41
:1014E0002146FFF701FD002891D021460A20FFF791
:1014F00033FC8CE7594B1B7803B3564BD3F894302D
:10150000E31A40F2DB52934281D9534A012382F815
:101510002D30002382F8313082F82F3082F83030BD
:10152000536193611362536282F83230494A82F800
:101530009C3021460B20FFF70FFC68E7214619205D
:10154000FFF70AFC63E75821424802F08FFB21466F
:10155000FFF7CAFC00283FF45AAFFF21582002F0E1
:10156000B8FBADF81C000094079B01220B210C2056
:10157000FFF71CFC4BE72046FFF72EFC00283FF44A
:1015800046AFE922E821334802F052FB2146FFF73B
:10159000ABFC00283FF43BAFE921E82002F099FBC7
:1015A000ADF820000094089B01220D210E20FFF7CA
:1015B000FDFB2CE7294B1B7823B921461720FFF7A9
:1015C000CBFB24E72046FFF713FC214B1B780F2BA6
:1015D0007FF41DAF2046FFF797FC18E700211D4858
:1015E00002F05DFB2146FFF77FFC00283FF40FAFC0
:1015F000194B00225A85FF21102002F06AFBADF83A
:1016000024000094099B022210211120FFF7CEFB39
:10161000FDE62046FFF7E0FB00283FF4F8AEE922A4
:10162000E8210C4802F004FB2146FFF75DFC00288E
:101630003FF4EDAEE921E82002F04BFBADF82800C5
:1016400000940A9B012213211420FFF7AFFBDEE672
:1016500064070024C4060024680700240000002456
:10166000434B1B7883B1434BD3F89430E31A44F6D1
:101670001F6293420DD93F4B032283F89C202146E1
:101680001B20FFF769FBC2E621461720FFF764FB2A
:10169000BDE62046FFF770FC374B9B69344A526821
:1016A0009B1AB3F1FF3FFFF6B2AE334B9B69304A52
:1016B00052689B1A012B3FF7AAAE2F4B012283F8E9
:1016C000312083F82E20002283F832202146162074
:1016D000FFF742FB9BE6264B1B7823B921461720D8
:1016E000FFF73AFB93E6FFF723FB2046FFF744FCA6
:1016F0008DE600211F4802F0D2FA2146FFF7F4FBE5
:1017000000283FF484AE1C4B00225A85FF21102094
:1017100002F0DFFAADF82C0000940B9B0222172197
:101720001820FFF743FB72E62046FFF755FB002821
:101730003FF46DAE0F4802F0BEFA2146FFF7D4FB2E
:1017400000283FF464AE0C4B002283F82D201A854C
:1017500021461A20FFF700FB59E6054B1B78002BAA
:101760003FF455AE21460720FFF7F6FA4FE600BFDB
:1017700000000024C406002468070024002918BFC4
:10178000072A28D900B5144A92F88C305FFA83FCF6
:10179000013303F0070E92F88D30734507D00E4BDE
:1017A00003EB0C13D86008221A7400230CE00B4AD8
:1017B0009368013393600CE0C85C074A02EB0C129B
:1017C0001A4450740133DBB2072BF5D9024B83F86E
:1017D0008CE05DF804FB7047C40600246807002411
:1017E000034B1B781B2B01D0002070470120704752
:1017F00064070024014B93F82D007047680700240C
:101800002DE9F0418AB04FF0804302930024039405
:101810000225049501260596069407940DF1080803
:101820000C4F4146384604F0A3F902940394049502
:101830000596069407944146384604F099F90096B7
:1018400033462A462946384604F0D7F90AB0BDE89F
:10185000F08100BFE40800242DE9F0418AB04FF088
:1018600080430293002403940225049501260596E3
:10187000069407940DF108080C4F4146384604F0D1
:1018800077F90294039404950596069407944146CB
:10189000384604F06DF9009633462A462946384604
:1018A00004F0ABF90AB0BDE8F08100BF44080024A1
:1018B000F0B58BB04FF080430293002403940225CF
:1018C000049505950694079402AF0C4E39463046B0
:1018D00004F04EF902940394049505950694079438
:1018E0003946304604F044F9012300932A4629463C
:1018F000304604F082F90BB0F0BD00BFA40700240D
:1019000010B5FFF77DFF054C204604F08FF900224B
:101910000121204604F0CCFA10BD00BFE4080024E9
:1019200010B5FFF799FF054C204604F07FF900221F
:101930000121204604F0BCFA10BD00BF4408002479
:1019400010B5FFF7B5FF054C204604F06FF90022F3
:101950001021204604F0ACFA10BD00BFA4070024FB
:1019600000B58DB00392049300230593069107936D
:101970004FF48012089209930A930B9308E010F831
:1019800003C003F130026A4402F82CCC0133DBB20D
:101990008B42F4D301AA03A9044804F060F910B9FA
:1019A0000DB05DF804FB0120FAE700BFE408002455
:1019B00010B58CB004466B4602AA402104F08AF9A7
:1019C000054B9C4201D00CB010BD0822694602981C
:1019D000FFF7D4FEF7E700BFE408002400B58DB0A0
:1019E0006B4602AA412104F075F90DB05DF804FBC5
:1019F00008B50421014808F0D3F808BD740A002492
:101A0000014B9863704700BF0018004010B50A46AC
:101A1000214C0146204609F03DFAD4F880301B687D
:101A20001E491F4A934218BF8B422FD0183293424F
:101A30002CD01832934229D01832934226D0183233
:101A4000934223D01832934220D0183293421DD0B3
:101A500002F55672934219D01832934216D01832BA
:101A6000934213D01832934210D0183293420DD0C3
:101A7000183293420AD01832934207D01832934258
:101A800004D01A6822F004021A6003E01A6822F0F7
:101A900008021A6010BD00BFB00B00241000024005
:101AA0002800024008B50268064B9A4200D008BDE3
:101AB000054A137801331370044B18680BF0FFFBD1
:101AC000F5E700BF007800409C070024840900244B
:101AD00000B583B00F4BD3F8D82042F00102C3F811
:101AE000D820D3F8D83003F001030193019B0022E2
:101AF00005210B2002F018FA0B2002F025FA002233
:101B000005210C2002F010FA0C2002F01DFA03B09F
:101B10005DF804FB0044025838B51648164B0360C4
:101B200000238360C360012202744374827403251E
:101B300045610A2181611D24C4610162456281629F
:101B4000C462016343638263C263082101640422A7
:101B500042648164C264036542658365C36501664E
:101B60004366826603F0BAFE00B938BD00F07AFA27
:101B7000FBE700BFE408002400A0004038B5174888
:101B8000174B036000238360C36001220274437417
:101B90008274032545610A2181611D24C4610162AB
:101BA00045628162C462016340F2553141638263E0
:101BB000C26308210164042242648164C264036533
:101BC00042658365C36501664366826603F086FEEF
:101BD00000B938BD00F046FAFBE700BF4408002416
:101BE00000A4004038B51748174B036000238360FA
:101BF000C3600122027443748274032545610A2183
:101C000081611D24C461016245628162C462016315
:101C100040F2AA6141638263C26308210164042225
:101C200042648164C264036542658365C36501667D
:101C30004366826603F052FE00B938BD00F012FA26
:101C4000FBE700BFA407002400D4004030B5BBB0C0
:101C50000446002135913691379138913991B82257
:101C600006A80EF0C3F823687B4A934208D07B4A4B
:101C7000934253D07A4A934200F09E803BB030BDED
:101C80004FF400420023CDE906234FF08053219307
:101C900006A806F059F980BB724A13680133136035
:101CA000012B2DD0704BD3F8E02042F00802C3F88E
:101CB000E020D3F8E03003F008030193019B0323F5
:101CC00035930223369300243794389409233993AB
:101CD00035A9664804F0D4FA22460521132002F003
:101CE00023F9132002F030F922460521152002F0D5
:101CF0001BF9152002F028F9C0E700F0B3F9CBE793
:101D0000594BD3F8EC2042F48072C3F8EC20D3F89E
:101D1000EC3003F480730093009BC3E74FF4004260
:101D20000023CDE906234FF08053219306A806F047
:101D30000BF980BB4B4A136801331360012B2DD084
:101D4000494BD3F8E02042F00202C3F8E020D3F878
:101D5000E03003F002030393039B602335930223D7
:101D600036930024379438940923399335A9404891
:101D700004F086FA22460521142002F0D5F814203A
:101D800002F0E2F822460521162002F0CDF81620D6
:101D900002F0DAF872E700F065F9CBE7324BD3F8DE
:101DA000EC2042F48072C3F8EC20D3F8EC3003F45A
:101DB00080730293029BC3E74FF400420023CDE9F6
:101DC00006234FF08053219306A806F0BDF888BB88
:101DD000244A136801331360012B2ED0224BD3F811
:101DE000E02042F00802C3F8E020D3F8E03003F02E
:101DF00008030593059B4FF4405335930223369314
:101E00000024379438940525399535A9174804F0EE
:101E100037FA224629469F2002F086F89F2002F0DA
:101E200093F822462946A02002F07EF8A02002F076
:101E30008BF823E700F016F9CAE70B4BD3F8EC2038
:101E400042F48072C3F8EC20D3F8EC3003F48073D2
:101E50000493049BC2E700BF00A0004000A4004020
:101E600000D40040A007002400440258000C02588F
:101E70000004025808B50DF0FFFB01200BF081F9BA
:101E8000FBE7000008B5154A012108460BF087F969
:101E9000134B1860134A002113480BF017F9134B2A
:101EA0001860134A002113480BF010F9124B186008
:101EB000124A002112480BF009F9124B1860124A1D
:101EC000002112480BF002F9114B1860114A002151
:101ED00011480BF0FBF8114B186008BD7013010896
:101EE0008409002410140108751E000898090024B4
:101EF000EC130108BFF4000894090024C81301087A
:101F000061F5000890090024A41301082DF50008CC
:101F10008C09002480130108FDF5000888090024BD
:101F20002DE9F0418CB007AD002407940894099482
:101F30000A940B94404BD3F8E02042F00402C3F81B
:101F4000E020D3F8E02002F004020192019AD3F8D5
:101F5000E02042F08002C3F8E020D3F8E02002F055
:101F600080020292029AD3F8E02042F00102C3F804
:101F7000E020D3F8E02002F001020392039AD3F8A4
:101F8000E02042F01002C3F8E020D3F8E02002F095
:101F900010020492049AD3F8E02042F00202C3F83F
:101FA000E020D3F8E02002F002020592059AD3F86F
:101FB000E02042F00802C3F8E020D3F8E03003F05C
:101FC00008030693069BDFF8808022464FF46041A9
:101FD000404604F05FFA194E22464FF40041304665
:101FE00004F058FA4FF460430793012708970994C7
:101FF0000A942946404604F043F94FF400430793FE
:10200000089709940A942946304604F039F9802348
:102010000793089409942946094804F031F94FF4CC
:1020200080630793089409942946064804F028F928
:102030000CB0BDE8F08100BF004402580010025807
:10204000000C0258000402580008025808B5026843
:10205000034B9A4200D008BD01F0EEFEFBE700BF43
:102060000020004072B6FEE700B59DB04C22002172
:1020700009A80DF0BBFE2022002101A80DF0B6FE3C
:10208000022005F07FF800230093204B9A6922F488
:1020900040429A619B6903F440430093009B1B4BB1
:1020A0009B6913F4005FFAD0012209924FF4803348
:1020B0000A930223129313931493282115911692D5
:1020C0000422179218930C23199300231A931B933D
:1020D00009A805F089F8A8B93F23019303210291CB
:1020E00000230393082304934023059306934FF49E
:1020F00080620792089301A805F064FC20B91DB026
:102100005DF804FBFFF7AEFFFFF7ACFF0048025895
:1021100008B501F063FEFFF7A7FFFFF701FFFFF728
:10212000D7FC00F013F800F083FAFFF7F5FCFFF797
:1021300025FDFFF757FD00F0FBFA00F0BDFA0AF0AD
:102140008DFFFFF79FFE0AF09BFFFEE708B51648DC
:10215000164B03604FF4800343604FF400338360F9
:102160000723C360002303614FF0807242614FF088
:10217000806282614FF08052C26103624362836277
:10218000C3624FF0804242638363C363036443646A
:102190008364C36403654365836506F095FE00B9F7
:1021A00008BDFFF75FFFFBE79C09002400140058FF
:1021B000F0B5BBB004460021359136913791389186
:1021C0003991B82206A80DF011FE23684A4A9342BD
:1021D00004D04A4A934259D03BB0F0BD4FF48052EC
:1021E0000023CDE9062310230893C023099302237B
:1021F0000A930B930C9320230E934FF480531D935B
:1022000006A805F0A1FE00283DD13D4BD3F8F020F3
:1022100042F48052C3F8F020D3F8F02002F4805248
:102220000192019AD3F8E02042F00802C3F8E020BE
:10223000D3F8E02002F008020292029AD3F8E020DC
:1022400042F00202C3F8E020D3F8E03003F00203CA
:102250000393039B802335930227369700243794FA
:1022600038940526399635AD2946264804F008F8F5
:10227000182335933697379438943996294622484F
:1022800003F0FEFFA8E7FFF7EDFEBEE74FF4804244
:102290000023CDE906234FF0A043319306A805F0B3
:1022A00053FE30BB164BD3F8F42042F02002C3F8A3
:1022B000F420D3F8F42002F020020492049AD3F818
:1022C000E02042F00102C3F8E020D3F8E03003F050
:1022D00001030593059BA023359302233693002326
:1022E000379338930823399335A9084803F0C8FF7A
:1022F00072E7FFF7B7FED5E7003001400014005841
:1023000000440258000C0258000402580000025811
:1023100000B583B00A4BD3F8F42042F00202C3F8B0
:10232000F420D3F8F43003F002030193019B002260
:102330000F216FF0010001F0F7FD03B05DF804FB21
:10234000004402580F2801D90120704710B58AB007
:102350000446002201462D2001F0E6FD2D2001F06B
:10236000F3FD1A4B1C601A4BD3F8E82042F480723C
:10237000C3F8E820D3F8E83003F480730093009B9F
:1023800001A902A805F0AEFC079BBBB905F086FCCD
:102390000346104AA2FB03239B0C013B0E480F4A45
:1023A000026040F2E732C260436000230361836051
:1023B00007F0A0FA30B101200AB010BD05F06EFCA4
:1023C0004300E6E7044807F0F3F8F5E7500000247F
:1023D0000044025883DE1B43240A002400200040EE
:1023E000FEE7FEE7FEE7FEE7FEE7704708B50248B6
:1023F00002F0AAFD08BD00BFC00A002408B50248CB
:1024000002F0A2FD08BD00BF380B002408B5024849
:1024100003F0A6FD08BD00BFE408002408B502488B
:1024200003F09EFD08BD00BF4408002408B5024823
:1024300003F096FD08BD00BFE408002408B502487B
:1024400003F08EFD08BD00BF4408002408B5024813
:1024500007F002F908BD00BF240A002408B50248AD
:1024600007F040FD08BD00BF440C002408B5024839
:1024700004F047FB08BD00BF2072002408B50248E5
:1024800007F030FD08BD00BFB00B002408B50248BE
:1024900003F066FD08BD00BFA407002408B502488C
:1024A00003F05EFD08BD00BFA407002410B503467D
:1024B0000C4A0D490D48006840B10C4800680344BF
:1024C000521A934206D8094A136010BD0748084CB7
:1024D0000460F2E70DF00EFD0C2303604FF0FF30B7
:1024E000F3E700BF0000052400040000700A002488
:1024F000087A0024224AD2F8883043F47003C2F8E4
:102500008830204B1B6803F00F03062B06D81D4AAA
:10251000136823F00F0343F0070313601A4B1A6884
:1025200042F001021A6000221A611968174A0A4033
:102530001A60144B1B6813F0080F06D0114A136879
:1025400023F00F0343F0070313600F4B00229A613F
:10255000DA611A620E4999620E49D9620E4919630D
:102560005A639963DA6319645A64196821F4802103
:1025700019601A66094B43F2D2021A60704700BF15
:1025800000ED00E000200052004402587FEDF6EA22
:10259000000202020000FF0180020101004000521F
:1025A00002680A4B9A4200D0704782B0084BD3F8B9
:1025B000E82042F04002C3F8E820D3F8E83003F006
:1025C00040030193019B02B0704700BF0018004018
:1025D0000044025800B587B000230193029303938F
:1025E0000493059302680F4B9A4202D007B05DF83E
:1025F00004FB0D4BD3F8E02042F00202C3F8E020C8
:10260000D3F8E03003F002030093009B4FF4004343
:10261000019302230293059301A9044803F030FEBD
:10262000E4E700BF001800400044025800040258CC
:1026300000B58BB00023079308930993009301938F
:10264000029303930493059306931948194A026071
:1026500017224260836040F2CF72C26003618361DF
:1026600007F078F9D8B900230793099307A9104810
:1026700007F04EFBB0B9602300934FF47A730193D7
:1026800000230293049304226946094807F0DCF909
:1026900058B90748FFF79EFF0BB05DF804FBFFF742
:1026A000E1FCE0E7FFF7DEFCE5E7FFF7DBFCF0E746
:1026B000740A00240018004008B51A481A4B036039
:1026C0001A4B43604FF4805383604FF40053C36050
:1026D0004FF4806303610C23436100238361C36172
:1026E00003624362836208F0B8FA70B900210D48B2
:1026F00008F086FB60B900210A4808F0A6FB50B933
:10270000084808F05EFB48B908BDFFF7ABFCEDE7F1
:10271000FFF7A8FCEFE7FFF7A5FCF1E7FFF7A2FC46
:10272000F2E700BF440C002400500040A0860100E6
:1027300008B51748174B0360174B436000238360AD
:10274000C36003610C2242618361C361036243621F
:10275000836208F082FA70B900210D4808F050FB3E
:1027600060B900210A4808F070FB50B9084808F029
:1027700028FB48B908BDFFF775FCEDE7FFF772FCD1
:10278000EFE7FFF76FFCF1E7FFF76CFCF2E700BF44
:10279000B00B002400780040A0680600F0B5BBB084
:1027A0000446002135913691379138913991B822FC
:1027B00006A80DF01BFB2368644A934204D0644AC8
:1027C00093426ED03BB0F0BD02220023CDE9062338
:1027D00006A805F0B9FB00285DD15E4BD3F8E820D0
:1027E00042F48012C3F8E820D3F8E82002F4801203
:1027F0000192019AD3F8E02042F00202C3F8E020EF
:10280000D3F8E02002F002020292029AD3F8E0200C
:1028100042F00802C3F8E020D3F8E03003F00803E8
:102820000393039B4FF400533593022736970025FB
:10283000379538950E23399335AE3146464803F027
:102840001FFD042335933697379538950823399320
:102850003146424803F014FD4148424B0360412396
:1028600043608560C5604FF48063036145618561A5
:10287000C5610562456201F07BFD78B9384BC4F84B
:1028800080309C6300220521352001F04DFB35206E
:1028900001F05AFB96E7FFF7E5FB9EE7FFF7E2FB47
:1028A000ECE702220023CDE9062306A805F04CFB45
:1028B000002845D1274BD3F8E82042F08042C3F8E6
:1028C000E820D3F8E82002F080420492049AD3F87A
:1028D000E02042F01002C3F8E020D3F8E03003F02B
:1028E00010030593059B4FF4C07335930223369371
:1028F0000025379538950723399335A91A4803F0F1
:10290000BFFC1A481A4B03604F2343608560C560C3
:102910004FF48063036145618561C561056245626D
:1029200001F026FD78B9114BC4F880309C63002279
:102930000521522001F0F8FA522001F005FB41E791
:10294000FFF790FBB6E7FFF78DFBECE70050004088
:10295000007800400044025800040258000C02585D
:10296000380B00242800024000100258C00A00243E
:1029700010000240DFF834D0FFF7BCFD0C480D49D1
:102980000D4A002302E0D458C4500433C4188C42CA
:10299000F9D30A4A0A4C002301E013600432A24230
:1029A000FBD30DF0ADFAFFF7B3FB70470000052431
:1029B00000000024A806002480180108A8060024AE
:1029C000087A0024FEE7000010B588B000238DF8D7
:1029D00007300EE04FF0600C14E04FF0600C1EE08A
:1029E0004FF0600CC3F1170420346C4404F818CC89
:1029F0000133072B21DC41FA03F414F0010FE9D075
:102A00004FF0780CC3F1070420346C4404F818CC60
:102A100040FA03F414F0010FDFD04FF0780CC3F14B
:102A20000F0420346C4404F818CC42FA03F414F078
:102A3000010FD5D04FF0780CD4E74FF6FF7300228A
:102A40000DF107010E4806F007FB0D4B93F881309E
:102A5000012BFAD14FF6FF73182202A9084806F09D
:102A6000FBFA002408E04FF6FF7301220DF1070185
:102A7000034806F0F1FA0134632CF4DD08B010BD10
:102A80009C09002408B5072823D8DFE800F00426B5
:102A90000A0E12161A1E01460246FF20FFF794FF87
:102AA00008BDFF2200210846F8E7FF221146104624
:102AB000F4E7002211461046F0E7FF2211460020FD
:102AC000ECE70022FF210846E8E7FF22002110463C
:102AD000E4E7002211461046E0E70022FF211046FD
:102AE000DCE70000002304E0034A6421D1540133F1
:102AF000DBB20F2BF8D97047DC0C0024014B00220D
:102B00001A547047DC0C0024002305E02449CA5CF9
:102B10000132CA540133DBB20F2BF7D9204B1B789B
:102B2000032B3AD91E4B04221A7001201C4B5B78F0
:102B3000012B04D940F00200194B02225A70184BA5
:102B40005B7A012B04D940F40070154B02225A72B3
:102B5000134B9B7B012B04D940F48040104B022285
:102B60009A730F4B5B7B012B04D940F400500C4B44
:102B700002225A730A4B1B7B012B04D940F480506C
:102B8000074B02221A73064BDB7A012B04D940F45F
:102B90000060034B0222DA7270470020C6E700BFD4
:102BA000DC0C002410F0010F09D0074B00221A7032
:102BB00010F0020F02D0054B00221A707047024B32
:102BC00001221A70F4E700BFD90C0024D80C0024AD
:102BD00010B58CB00B4CEC4604F10C0EBEE80F00A7
:102BE000ACE80F00BEE80F00ACE80F009EE80F0055
:102BF0008CE80F0094E80E00034800F0CBF90CB00D
:102C000010BD00BF10000024F00C002408B50146E0
:102C1000014800F0F8FB08BDF00C002410B52DEDC4
:102C2000028B1B4C94ED238AD4ED0E7A9FED197A1A
:102C300077EEC77A9FED180A37EE800A0DF0ACFBED
:102C4000DFED167A60EE277A9FED157A20EE070AFF
:102C500077EE807A134BC3ED007AC4ED257ADFED71
:102C6000127AB4EEE78AF1EE10FA01DDC4ED237AB0
:102C7000074B93ED237ADFED0D7AB4EEE77AF1EEB0
:102C800010FA01D5C3ED237ABDEC028B10BD00BF55
:102C9000F00C00249A7C9740E4CB96406D8EB63EB3
:102CA00005C5B740EC0C00247593803F54E3E53E26
:102CB00008B501469FED020B034800F00DFF08BD6B
:102CC000000000000000F03FF00C002410B5094C9B
:102CD000204600F077FEA269237E13B1064B134015
:102CE00003B910BD4FF080430821A01DFEF738FE48
:102CF000F7E700BFF00C002400FFFF0008B5012239
:102D00004FF40041014803F0C5FB08BD000802581C
:102D100007EE900AB0EE407AB8EE670AF2EE047A57
:102D200077EE277AB4EEE70AF1EE10FA0AD8F2EE5F
:102D3000047A77EE677AB4EEE70AF1EE10FA01DB77
:102D4000B0EE470A70470378C82B01D000207047C7
:102D50004378182B01D0002070478378162B01D0C0
:102D600000207047C378027943EA0223C3F30A03C1
:102D70000B80027943795B0143EAD203C3F30A0370
:102D80004B80427983799B0043EA9213C27943EAEC
:102D90008223C3F30A038B80C279037ADB0143EAFF
:102DA0005203C3F30A03CB80027A437A1B0143EA3E
:102DB0001213C3F30A030B81427A837A5B0043EA5E
:102DC000D213C27A43EA4223C3F30A034B81C27A85
:102DD000037B9B0143EA9203C3F30A038B81027BCB
:102DE000437BDB0043EA5213CB81837BC27B43EA04
:102DF0000223C3F30A030B82C27B037C5B0143EA19
:102E0000D203C3F30A034B82027C437C9B0043EA58
:102E10009213827C43EA8223C3F30A038B82827C6F
:102E2000C37CDB0143EA5203C3F30A03CB82C27CB7
:102E3000037D1B0143EA1213C3F30A030B83027DD4
:102E4000437D5B0043EAD213827D43EA4223C3F30E
:102E50000A034B83827DC37D9B0143EA9203C3F344
:102E60000A038B83C27D037EDB0043EA5213CB83CC
:102E70000120704784B010B52DED048B06AC84E8BA
:102E80000F000E9C9FED408AB0EE480ABDF8180076
:102E9000FFF73EFF30EE480A30EE000ADFED3B8AD6
:102EA000C0EE287AC4ED027AB0EE480ABDF81A00E6
:102EB000FFF72EFF30EE480A30EE000AC0EE287A07
:102EC000C4ED037A9FED329AB0EE490ABDF81C00BA
:102ED000FFF71EFF30EE490A30EE000AC0EE287AF6
:102EE000C4ED017AB0EE480ABDF81E00FFF710FFEE
:102EF00030EE480A30EE000AC0EE287AC4ED007ABF
:102F0000BDF82030BF2B12D0B3F5E06F01D1032301
:102F1000A374BDF8223040F2E53293421AD0B3F5E3
:102F2000E06F07D0BF2B07D10223237404E00423F2
:102F3000A374EEE700232374BDF8243040F2E53299
:102F400093421BD0B3F5E06F07D0BF2B07D102230C
:102F5000637404E001232374EEE700236374BDF877
:102F60002630BF2B0DD0B3F5E06F01D10323E374FE
:102F7000BDEC048BBDE8104004B0704701236374BE
:102F8000EDE70423E374F3E70020784400A0CC4489
:102F900000002E4384B00DF1040C8CE80E009DF867
:102FA0000430427863F347124270C3F3C1024178A0
:102FB00062F301014170D243017862F301010170B3
:102FC000C3F34111427861F3C4024270027822F0E7
:102FD000C0020270D2B242F020020270D2B222F0DD
:102FE0000C020270DB09427863F38202427083F0C4
:102FF0000103027863F3041202709DF805208378C0
:1030000062F3000383700023C37083759DF806206C
:1030100002719DF807204271A0F84C300B9BC0F85C
:103020008C310023C0F89031C0F894310C9AC0F86C
:10303000D021C0F8D4310A9BC367029BC0F8243169
:10304000039BC0F83031049BC0F83431059BC0F8B5
:103050003831069BC0F82831079BC0F82C31089BFB
:10306000C0F86831099BC0F86C319DF8343080F8A5
:1030700010310E9BC0F89C300F9BC0F8A03004B0FC
:10308000704700000138062830D8DFE800F0040C53
:103090000C131A212800194B0B60194B4B604FF091
:1030A00083438B607047174B0B60174B4B60174B7C
:1030B0008B607047164B0B60164B4B60164B8B604A
:1030C0007047164B0B60164B4B60164B8B6070476E
:1030D000154B0B60154B4B60154B8B607047124BBB
:1030E0000B60144B4B60144B8B607047034B0B60B1
:1030F000034B4B604FF083438B60704700000442EA
:103100000000604100003042000088410000B841EA
:103110000000A0410000704200002C4200007041FD
:103120000000F0420000B442000048420000B040FD
:10313000000030410000104200006442F8B52DED5F
:10314000028B044690F83400B4F83530DAB22179B5
:10315000914203D00020BDEC028BF8BDF0EE408A16
:10316000B0EE608A6279824201D00020F3E7C3F3B7
:103170000522101E18BF0120E17D60F38611E17564
:10318000E2759B0B227863F383022270A07BE27BC3
:10319000237C677C47EA0327A37CE67C46EA032678
:1031A000217D637D43EA01251021DFED150A9FEDA6
:1031B000150A42EA002008F079FC84ED0E0A10217D
:1031C000F0EE680AB1EE680A384608F06FFC84ED4C
:1031D0000F0A1021F0EE480AB1EE480A304608F016
:1031E00065FC84ED100A07EE905AF8EEE77AF2EEED
:1031F000046A87EEA67A84ED117A0120ABE700BF5E
:10320000B81E4941B81E49C190ED0E7AD0ED127A30
:1032100077EE677ADFED326AF4EEE67AF1EE10FAD5
:1032200004DDB0F94C30013BA0F84C30DFED2D6AE5
:10323000F4EEE67AF1EE10FA04D5B0F94C30013331
:10324000A0F84C30B0F94C3007EE903AF8EEE77A3F
:10325000DFED236A67EEA67A9FED236AC7EE866AE2
:103260009FED226AC7EE067A76EEA77AC0ED247A41
:1032700080ED127A9FED1E7A09230EE0591E03F1AC
:10328000130200EB8202D2ED007A143300EB8303C9
:10329000C3ED007A37EE277ACBB2002BEED1D0ED1A
:1032A0000F7AC0ED147A37EE877AB2EE046AC7EE71
:1032B000066AC0ED1E6AD0ED1F5A27EEA57AD0ED42
:1032C000156AB7EE006A36EE656A66EE866A37EE14
:1032D000267A80ED207A87EE807A80ED227A704718
:1032E000B81E4941B81E49C1DB0F4940DB0FC94038
:1032F00000000000B0F835301B0A1BD1C27B837B75
:1033000043EA02231BB247F20502934205D047F27B
:103310002902934208D000207047827C037862F330
:103320000103037001207047827C037862F3041369
:103330000370F7E70020704790F834C0B0F83530DC
:10334000DBB20A490A7801320A7002799A4201D046
:10335000002070474379634501D000207047C37D4A
:1033600043F08003C3750120704700BF3E0F002467
:1033700003789B09012B14D0022B28D0002B35D1C8
:10338000C3784F2B32D9037813F0200F2ED0037857
:1033900023F020030370DBB2012262F38713037072
:1033A00024E0C37D3F2B03D8037843F02003037050
:1033B000E1B1037813F0200F18D0037823F0200335
:1033C0000370DBB2022262F3871303700EE003780E
:1033D00003F00C03082B11D041B9037843F020030C
:1033E0000370DBB2012262F387130370C37D3F2BAE
:1033F00003D9037843F0C00303707047037843F0A8
:1034000020030370E8E7837D012B00D0704730B5BF
:1034100085B004460D46407801A94009FFF732FE09
:1034200094F8373003F01F03023B162B16D8DFE861
:1034300003F00C151515151515151515151515157C
:1034400015231515152715150C00DDED020A9DED48
:10345000010A2046FFF772FE012807D029462046C0
:10346000FFF786FF0223A37505B030BD9DED010A6D
:103470002046FFF7C9FEF1E72046FFF73BFFEDE7E7
:103480002046FFF759FFE9E7437803F00303022BD7
:1034900031D0032B36D0012B24D090ED257A80ED4E
:1034A0000B7AD0ED237ADFED286A67EEA67AC0EDBD
:1034B000077AD0ED217A67EE807AC0ED087AB4EE13
:1034C000E07AF1EE10FA01DDC0ED0B0AD0ED0B7AD7
:1034D000F1EE600AF4EEE07AF1EE10FA32D5C0EDCA
:1034E0000B0A7047D0ED237A9FED177A67EE877A43
:1034F000C0ED077A7047D0ED217A67EE807AC0ED93
:10350000087A7047D0ED5C7A67EE817A90ED257A83
:1035100027EE017AC7EE206A77EEA67AC0ED0C7A24
:10352000F4EEC17AF1EE10FA01DD80ED0C1AD0ED67
:103530000C7AB1EE411AF4EEC17AF1EE10FA01D52F
:1035400080ED0C1A704700BFDB0FC940037903768A
:103550004379A0F81930C37E032262F30403C376D3
:10356000DBB223F0E003C376002304E0C21800219D
:1035700091710133DBB2072BF8D9704703790376D9
:103580004379A0F81930C37E042262F30403C376A2
:10359000DBB223F0E003C376002306E0C2184FF04D
:1035A000000C82F806C00133DBB2072BF6D90129E3
:1035B00000D0704701238371FBE790F801C0CCF382
:1035C000010C037903764379A0F81930C37E1222E7
:1035D00062F30403C376DBB223F0E003C376002377
:1035E00004E0C218002191710133DBB2072BF8D936
:1035F00047F20503C38080F80AC070470379037659
:103600004379A0F81930C37E062262F30403C3761F
:10361000DBB223F0E003C376002304E0C2180021EC
:1036200091710133DBB2072BF8D901238371704705
:10363000037903764379A0F81930C37E162262F32A
:103640000403C376DBB223F0E003C376002304E077
:103650001A460133DBB202449371072BF8D9704745
:1036600000230376826963F317228261C27E63F3CB
:103670000402C276D2B263F34712C27604E0C218E3
:10368000002191710133DBB2072BF8D97047037920
:1036900003764379A0F81930C37E112262F3040344
:1036A000C376DBB223F0E003C376002304E0C21844
:1036B000002191710133DBB2072BF8D947F20503E2
:1036C000C38070472DE9F04F2DED028B83B0044687
:1036D000F0EE408AB0EE608A10209FED301ADFEDE8
:1036E000300A94ED070A08F0BDF907461FFA80FB7F
:1036F0001020B0EE681AF1EE680A94ED080A08F09E
:10370000B1F906461FFA80FADFED268A10209FEDF8
:10371000261AF0EE680A94ED090A08F0A3F90546A6
:103720001FFA80F91020B1EE041AF0EE680A94ED49
:103730000A0A08F097F90190BDF804801020B0EE55
:10374000481AF1EE480A94ED0B0A08F08BF9237938
:103750002376A4F81900E37E012262F30403E376E2
:10376000DBB223F0E003E3764FEA1B2B84F806B0CC
:10377000E7714FEA1A2A84F808A066724FEA1929FD
:1037800084F80A90E5724FEA182884F80C80019BAF
:10379000637303B0BDEC028BBDE8F08FB81E4941E6
:1037A000B81E49C1000000000000FA430379037607
:1037B0004379A0F81930C37E122262F30403C37662
:1037C000DBB223F0E003C376002304E0C21800213B
:1037D00091710133DBB2072BF8D947F21603C3808E
:1037E000C369C0F80A307047037903764379A0F8BB
:1037F0001930C37E122262F30403C376DBB223F0D6
:10380000E003C376002304E0C21800219171013364
:10381000DBB2072BF8D947F20A03C380036AC0F86A
:103820000A307047037903764379A0F81930C37ED4
:10383000122262F30403C376DBB223F0E003C37603
:10384000002304E0C218002191710133DBB2072B81
:10385000F8D947F20603C380036BC0F80A307047FB
:1038600010B5044603789B09032B24D8DFE803F046
:10387000029579A1427802F00302037803F0030372
:103880009A4219D0C3780A2B06D00F2B0BD0052BE8
:103890000BD1FFF7FCFE0BE0837D4BB1FFF78DFEF4
:1038A0000023A37504E00423C3702046FFF7D8FE6D
:1038B000E3780133E37010BD837813F0010F34D047
:1038C000C378142B07D0192B29D00F2B29D1002115
:1038D000FFF754FEECE7837D002BE9D090F83730FA
:1038E00003F01F03022BE3D1D0ED0E7A9FED337A64
:1038F000F4EEC77AF1EE10FA0BD59FED317AF4EEC3
:10390000C77AF1EE10FA04DD837823F001038370A7
:1039100002E02046FFF772FE0023A375C8E70E23DE
:10392000C3702046FFF79CFEC2E7037813F0200F18
:1039300013D1C378232B05D0642B06D02046FFF784
:103940008FFEB5E7FFF774FEB2E7037843F020037C
:1039500003700021FFF712FEF0E70021FFF70EFED3
:10396000A6E7037813F0200F0BD0437803F003038E
:10397000022B0CD0032B0DD0012B05D0FFF7A2FE9C
:1039800099E7FFF7E3FD96E7FFF710FF93E7FFF7EF
:103990002BFF90E7FFF746FF8DE7037813F0200F2A
:1039A00003D10121FFF7EAFD85E70021FFF7E6FDDE
:1039B00081E70021FFF7E2FD7DE700BF6F12033AC8
:1039C0006F1203BA10B584B00446407801A94009CB
:1039D000FFF758FB9DED031ADDED020A9DED010A8C
:1039E0002046FFF751FDDDED020A9DED010A20465C
:1039F000FFF736FF04B010BD08B5D0F88430C0F82A
:103A00001831D0F88830C0F81C3100F58C7008F0FF
:103A100019FA08BD08B5D0F88C30C0F88031D0F85C
:103A20009030C0F8843100F5C07008F00BFA08BD82
:103A3000D0B52DED048B044657EC106BB0EE418AE7
:103A4000D0ED237A77EEA77A9FED217A67EE877A19
:103A500017EE900AFCF7A0FD41EC190B00221D4B5C
:103A600030463946FCF71AFF41EC110BB0EE490A1B
:103A7000F0EE690A04F1A80008F02CF8D4E942013C
:103A8000FCF7F4FF07EE900AC4F8980087EE887AF6
:103A900084ED267AD4ED277A27EE277A84ED267AEC
:103AA000D4ED287AB4EEE77AF1EE10FA01DDC4ED38
:103AB000267A94ED267AF1EE677AB4EEE77AF1EEA3
:103AC00010FA01D5C4ED267ABDEC048BD0BD00BF41
:103AD000DB0F494000408F4030B52DED028B85B0A3
:103AE00004460D46437803F00303032B0DD045B97C
:103AF000D4F89030C4F88C300023C4F88430C4F873
:103B0000943005B0BDEC028B30BDB0EE408AF0EED3
:103B1000608A407801A94009FFF7B4FA6378C3F3DB
:103B2000C103022B1DD006D8012B1DD804F58C70C3
:103B300008F028FA18E0032B16D12046FFF76AFF99
:103B40009DED011AB0EE480AF0EE680A2046FFF734
:103B50006FFFD4ED767A94ED267A77EE877AC4ED0E
:103B6000217A2046FFF748FF002DCAD1637803F081
:103B70001803182B06D0102BB9D104F58C7008F05F
:103B800001FAB4E704F58C7008F0FCF904F5C07094
:103B900008F0F8F9ABE7002918BF002808D010B5E5
:103BA00044683CB1836808220078A04720B910BD62
:103BB000012070470120FAE70220F8E7C2F307234B
:103BC00003700A70704720B1017042704360009B1F
:103BD0008360704700B330B583B01C460546437818
:103BE0008DF800301A238DF801308DF8021001A9EC
:103BF0000DF10300FFF7E2FF8DF80540BDF9182035
:103C00000DF107010DF10600FFF7D8FF69462846C0
:103C1000FFF7C1FF03B030BD0120704700B583B08E
:103C200000230093FF23FFF7D5FF03B05DF804FBEB
:103C3000D0B100B583B043788DF800302A238DF8D9
:103C400001308DF8021000238DF803308DF8043018
:103C50008DF805208DF806308DF807306946FFF79E
:103C60009AFF03B05DF804FB0120704708B5FF22FE
:103C7000FFF7DEFF08BD08B500224A21FFF7CEFF9F
:103C800008BD00B583B0090209B2114300910A23AF
:103C9000C4220221FFF79EFF03B05DF804FB08B5C4
:103CA0000A461021FFF7BAFF08BD08B5012200211E
:103CB000FFF7B4FF08BD08B500221146FFF7AEFFBD
:103CC00008BD18B1007800F5807070474FF480701F
:103CD000704782B08DF800008DF80110BDF80030FB
:103CE000ADF8043000209DF8043063F307009DF820
:103CF000053063F30F2002B07047002A18BF002878
:103D000024D070B504460E461546072B20D9FFF780
:103D1000D8FFB04201D0002070BD2A7863789A4263
:103D200001D00020F8E76B781B2B01D00020F3E7CF
:103D3000AA789DF810309A4201D00020ECE76A7909
:103D40009DF811309A4205D00020E5E70020704729
:103D50000020E1E70120DFE7002A18BF002824D077
:103D600070B504460E461546072B20D9FFF7A9FF6C
:103D7000B04201D0002070BD2A7863789A4201D009
:103D80000020F8E76B782B2B01D00020F3E7AA780E
:103D90009DF810309A4201D00020ECE76A799DF836
:103DA00011309A4205D00020E5E70020704700203E
:103DB000E1E70120DFE728B1C278007940EA02207C
:103DC00000B270470020704728B18279C07940EA7C
:103DD000022000B2704700207047000010B5032099
:103DE00000F090F803F0F2FC0F498B69C3F3032352
:103DF0000E4AD35C03F01F03D8408B6903F00F0316
:103E0000D35C03F01F0320FA03F3094A1360094B44
:103E100018600F20FEF796FA10B10124204610BD5D
:103E20000446FEF775FAF9E7004402583414010815
:103E3000080000240C000024034B1B78034A11687F
:103E40000B441360704700BF4C000024400F002457
:103E5000014B1868704700BF400F002438B5044676
:103E6000FFF7F6FF0546B4F1FF3F02D0044B1B7885
:103E70001C44FFF7EDFF401BA042FAD338BD00BF42
:103E80004C000024002807DB00F01F02400901233A
:103E90009340024A42F82030704700BF00E100E042
:103EA000002804DB0901C9B2044B1954704700F023
:103EB0000F000901C9B2024B1954704700E400E039
:103EC00014ED00E000B500F00700C0F1070CBCF1F4
:103ED000040F28BF4FF0040C031D062B0FD9C31E7F
:103EE0004FF0FF3E0EFA0CF021EA000199400EFA65
:103EF00003FE22EA0E0241EA02005DF804FB002301
:103F0000EEE700000649CB6823F4E0631B041B0CBA
:103F1000000200F4E0600343024A1A43CA6070479B
:103F200000ED00E00000FA0510B50446054BD86826
:103F3000C0F30220FFF7C6FF01462046FFF7B0FF9F
:103F400010BD00BF00ED00E008B5FFF79BFF08BD06
:103F5000F0B4876D0468664E664DAC4218BFB4423B
:103F600042D01835AC423FD01835AC423CD0183561
:103F7000AC4239D01835AC4236D01835AC4233D0CB
:103F80001835AC4230D005F55675AC422CD01835FA
:103F9000AC4229D01835AC4226D01835AC4223D0DB
:103FA0001835AC4220D01835AC421DD01835AC4283
:103FB0001AD01835AC4217D04F4DAC4214D014353E
:103FC000AC4211D01435AC420ED01435AC420BD0FB
:103FD0001435AC4208D01435AC4205D01435AC428F
:103FE00002D01435AC4207D1446E856E6560C46E54
:103FF00014B1046F456F656004683D4E3D4DAC42A1
:1040000018BFB44252D01835AC424FD01835AC422C
:104010004CD01835AC4249D01835AC4246D0183592
:10402000AC4243D01835AC4240D005F55675AC4291
:104030003CD01835AC4239D01835AC4236D01835A2
:10404000AC4233D01835AC4230D01835AC422DD00C
:104050001835AC422AD01835AC4227D0264E274D11
:10406000AC4218BFB44211D0254DAC420ED014352D
:10407000AC420BD01435AC4208D01435AC4205D05C
:104080001435AC4202D01435AC4224D1C46D04F0D6
:104090001F050124AC407C60046863608368402B8A
:1040A00020D0036899600368DA6014E0C46D04F0FE
:1040B0001F0C3F2404FA0CF4BC6005682C6824F43F
:1040C00080242C60046863608368402B05D00368FB
:1040D00099600368DA60F0BC704703689A6003680F
:1040E000D960F8E703689A600368D960F3E700BF16
:1040F0001000024028000240085402581C54025884
:104100003054025803682749274A934218BF8B420C
:104110002FD0183293422CD01832934229D0183223
:10412000934226D01832934223D01832934220D0A3
:10413000183293421DD002F55672934219D01832AC
:10414000934216D01832934213D01832934210D0B3
:10415000183293420DD0183293420AD0183293424B
:1041600007D01832934204D023F0FF038365806D9B
:10417000704710B4D9B210390C4AA2FB0142C2F305
:1041800002120B4CA25CC2655F2907D96FF30903C9
:1041900004338365806D5DF8044B70476FF309034A
:1041A0008365F7E71000024028000240ABAAAAAAE4
:1041B0004414010883699BB9836A012B0AD0022B3E
:1041C00002D00BB100207047C36A13F0807F2AD160
:1041D00000207047C36AB3F1C07F26D0002070472B
:1041E000B3F5005F0AD0836A022B26D9032B26D1B0
:1041F000C36A13F0807F24D100207047836A032BA9
:1042000003D8DFE803F01404140A00207047C36ADF
:1042100013F0807F0DD100207047C36AB3F1C07FD7
:1042200009D000207047012070470120704701200D
:10423000704701207047012070470120704700201F
:10424000704701207047000003682149214A9342CA
:1042500018BF8B4227D01432934224D01432934299
:1042600021D0143293421ED0143293421BD0143208
:10427000934218D01432934215D0DAB2103A16494C
:10428000A1FB0212120915491944A8291ED9144B81
:1042900013449B000366134B436602F01F02012385
:1042A000934083667047DBB2083B0F4AA2FB0323AF
:1042B0000E4A02EB1312920002660D4A4266C3F3E5
:1042C0000413012202FA03F3836670470832DEE723
:1042D000085402581C540258ABAAAAAAF0FBFDBF0E
:1042E0000082001080080240CDCCCCCC0096001695
:1042F0008058025801794A1E072A2BD830B4036827
:10430000154D164CA34218BFAB4218D01434A3422B
:1043100015D01434A34212D01434A3420FD0143455
:10432000A3420CD01434A34209D01434A34206D0C3
:104330000B4B0B449B00C3660A4B036705E00A4B1B
:104340000B449B00C366094B0367012393404367FB
:1043500030BC7047704700BF085402581C540258C4
:104360003F820010400902403F9600164059025813
:1043700070B50446FFF76CFD002C00F0B7810546D0
:1043800023685349534A934218BF8B420CBF012103
:10439000002150D0183293424DD0183293424AD067
:1043A0001832934247D01832934244D01832934285
:1043B00041D0183293423ED002F5567293423AD021
:1043C0001832934237D01832934234D01832934285
:1043D00031D0183293422ED0183293422BD018325B
:1043E000934228D01832934225D03B493B4A93420E
:1043F00018BF8B4200F03281394A934200F02E817F
:104400001432934200F02A811432934200F0268144
:104410001432934200F022811432934200F01E8144
:104420001432934200F01A8140236365032384F819
:10443000353001204AE0022284F83520002284F839
:10444000342079BB274A93422CD01832934229D08A
:104450001832934226D01832934223D01832934216
:1044600020D0183293421DD002F55672934219D0D3
:104470001832934216D01832934213D01832934216
:1044800010D0183293420DD0183293420AD018320D
:10449000934207D01832934204D01A6822F00102E6
:1044A0001A6003E01A6822F001021A6023681A6891
:1044B00012F0010F18D0FFF7CBFC431B052BF5D9E9
:1044C00020236365032384F83530012070BD00BFCD
:1044D0001000024028000240085402581C540258A0
:1044E00030540258400002401A6881491140A268C5
:1044F000E06802432069024360690243A069024305
:10450000E0690243206A02430A43616A042900F019
:1045100090806168522900F296803F29C0F08E8019
:104520003F39744820FA01F111F0010F01D042F433
:1045300080121A602668756925F00705636A1D43B5
:10454000042B08D1A36A1D43E36A23B12046FFF779
:1045500031FE00287CD175612046FFF7D3FDE36D65
:1045600003F01F023F239340836023686249634A3C
:10457000934218BF8B4242D0183293423FD0183238
:1045800093423CD01832934239D01832934236D0FD
:104590001832934233D01832934230D002F556721B
:1045A00093422CD01832934229D01832934226D00D
:1045B0001832934223D01832934220D018329342BB
:1045C0001DD0183293421AD01832934217D04C4A59
:1045D000934214D01432934211D0143293420ED02D
:1045E000143293420BD01432934208D014329342C7
:1045F00005D01432934202D01432934213D1204694
:10460000FFF722FEA368802B63D0236E22791A6005
:10461000636EA26E5A606368013B072B5CD900236E
:10462000E3662367636700206065012384F8353003
:104630004CE7E16A206B01430A436AE729390529FF
:104640003FF677AF73E7743903293FF672AF6EE731
:1046500040236365012084F8350037E7022284F89F
:104660003520002284F8342019686FF31011A268F5
:10467000402A2CD0802A27D00022E06842EAD002CB
:10468000206942EAD002606942EAD002A06942EAA7
:10469000D002E06942EAD002206A42EA10120A43DC
:1046A0001A602268174B1344174AA2FB03231B0905
:1046B0009B00E3652046FFF725FDE26D02F01F0138
:1046C00001228A40426050E74FF48042D5E7102231
:1046D000D3E70023636098E72046FFF70BFEE36E05
:1046E00000221A60236F626F5A609CE70120EDE69A
:1046F0003F8010FE0F030F00100002402800024010
:1047000008540258F8ABFDA7CDCCCCCC002800F063
:104710003D8170B5044690F83400012800F03881DE
:10472000012084F8340094F83500012807D04FF4B4
:1047300000636365002384F83430012070BD0220DB
:1047400084F83500002060652068924E924DA842A2
:1047500018BFB0422FD01835A8422CD01835A84227
:1047600029D01835A84226D01835A84223D01835AC
:10477000A84220D01835A8421DD005F55675A8428C
:1047800019D01835A84216D01835A84213D01835BC
:10479000A84210D01835A8420DD01835A8420AD02A
:1047A0001835A84207D01835A84204D0056825F06E
:1047B0000105056003E0056825F001050560204658
:1047C000FFF7C6FB23687349734A934218BF8B42B5
:1047D00038D01832934235D01832934232D0183242
:1047E00093422FD0183293422CD01832934229D0C2
:1047F0001832934226D002F55672934222D01832D4
:1048000093421FD0183293421CD01832934219D0D1
:104810001832934216D01832934213D01832934272
:1048200010D0183293420DD01A6822F00E0242F0D6
:104830000A021A60236C93B12268136843F00403E0
:1048400013600CE01A6822F01E0242F016021A6091
:10485000236C23B12268136843F0080313602368B4
:104860004C494D4A934218BF8B4242D01832934272
:104870003FD0183293423CD01832934239D018328C
:10488000934236D01832934233D01832934230D00C
:1048900002F5567293422CD01832934229D0183226
:1048A000934226D01832934223D01832934220D01C
:1048B000183293421DD0183293421AD018329342C4
:1048C00017D0364A934214D01432934211D0143286
:1048D00093420ED0143293420BD01432934208D03C
:1048E0001432934205D01432934202D014329342D0
:1048F0000ED1236E1A6812F4803F03D01A6842F476
:1049000080721A60E36E1BB11A6842F480721A60FA
:1049100023682049204A934218BF8B4230D0183276
:1049200093422DD0183293422AD01832934227D086
:104930001832934224D01832934221D01832934235
:104940001ED002F5567293421AD01832934217D0F5
:104950001832934214D01832934211D01832934235
:104960000ED0183293420BD01832934208D018322E
:10497000934205D01A6842F001021A600020DDE679
:104980001A6842F001021A600020D7E60120704741
:104990000220D3E6100002402800024008540258CA
:1049A00070B50446FFF754FA002C00F08F810546DD
:1049B00094F83530022B06D080236365002384F8F9
:1049C0003430012070BD23688B498C4A934218BF54
:1049D0008B4230D0183293422DD0183293422AD0D5
:1049E0001832934227D01832934224D0183293427F
:1049F00021D0183293421ED002F5567293421AD03B
:104A00001832934217D01832934214D0183293427E
:104A100011D0183293420ED0183293420BD0183274
:104A2000934208D01832934205D01A6822F00E0241
:104A30001A60266809E01A6822F01E021A602268CD
:104A4000536923F080035361266823686A496B4ADF
:104A5000934218BF8B4242D0183293423FD0183253
:104A600093423CD01832934239D01832934236D018
:104A70001832934233D01832934230D002F5567236
:104A800093422CD01832934229D01832934226D028
:104A90001832934223D01832934220D018329342D6
:104AA0001DD0183293421AD01832934217D0544A6C
:104AB000934214D01432934211D0143293420ED048
:104AC000143293420BD01432934208D014329342E2
:104AD00005D01432934202D01432934204D1226E94
:104AE000136823F48073136023684349434A934255
:104AF00018BF8B422FD0183293422CD018329342D9
:104B000029D01832934226D01832934223D018323B
:104B1000934220D0183293421DD002F55672934230
:104B200019D01832934216D01832934213D018324B
:104B3000934210D0183293420DD0183293420AD0CB
:104B40001832934207D01832934204D01A6822F0E8
:104B500001021A6003E01A6822F001021A60336849
:104B600013F0010F0ED0FFF773F9431B052BF6D995
:104B700020236365032384F83530002384F8343020
:104B800001201FE723681C491C4A934218BF8B422F
:104B900038D01832934235D01832934232D018327E
:104BA00093422FD0183293422CD01832934229D0FE
:104BB0001832934226D002F55672934222D0183210
:104BC00093421FD0183293421CD01832934219D00E
:104BD0001832934216D01832934213D018329342AF
:104BE00010D0183293420DD0A16DE36D03F01F0277
:104BF000012393404B600CE010000240280002406B
:104C000008540258A16DE36D03F01F023F23934047
:104C10008B6023682E492F4A934218BF8B4242D0A3
:104C2000183293423FD0183293423CD0183293420C
:104C300039D01832934236D01832934233D01832DA
:104C4000934230D002F5567293422CD018329342E0
:104C500029D01832934226D01832934223D01832EA
:104C6000934220D0183293421DD0183293421AD06A
:104C70001832934217D0184A934214D014329342F8
:104C800011D0143293420ED0143293420BD014320E
:104C9000934208D01432934205D01432934202D08A
:104CA000143293420BD1636EA26E5A60E36E33B13D
:104CB0001A6822F480721A60236F626F5A600123AF
:104CC00084F83530002084F834007BE6012079E652
:104CD000100002402800024008540258002800F04A
:104CE000278108B5024690F83530022B03D0802387
:104CF0004365012008BD03688F4890498B4218BF67
:104D000083420CBF0120002065D018318B4262D055
:104D100018318B425FD018318B425CD018318B42F6
:104D200059D018318B4256D018318B4253D001F5EF
:104D300056718B424FD018318B424CD018318B4278
:104D400049D018318B4246D018318B4243D01831AC
:104D50008B4240D018318B423DD018318B423AD033
:104D6000196821F00E0119601368734873498B426A
:104D700018BF83426AD072498B4267D018318B4288
:104D800064D018318B4261D018318B425ED018311B
:104D90008B425BD018318B4258D001F556718B4253
:104DA00054D018318B4251D018318B424ED018312B
:104DB0008B424BD018318B4248D018318B4245D0B2
:104DC00018318B4242D018318B423FD0196821F004
:104DD000010119603EE0042182F8351080BB584A79
:104DE00093422DD0183293422AD01832934227D0C2
:104DF0001832934224D01832934221D01832934271
:104E00001ED002F5567293421AD01832934217D030
:104E10001832934214D01832934211D01832934270
:104E20000ED0183293420BD01832934208D0183269
:104E3000934205D01A6822F001021A60002059E757
:104E40001A6822F001021A60002053E7196821F065
:104E5000010119601368384838498B4218BF8342F2
:104E600042D018318B423FD018318B423CD01831A0
:104E70008B4239D018318B4236D018318B4233D027
:104E800018318B4230D001F556718B422CD018313D
:104E90008B4229D018318B4226D018318B4223D037
:104EA00018318B4220D018318B421DD018318B42E3
:104EB0001AD018318B4217D022498B4214D01431AA
:104EC0008B4211D014318B420ED014318B420BD057
:104ED00014318B4208D014318B4205D014318B42EF
:104EE00002D014318B4217D1116E0B6823F48073FA
:104EF0000B60906DD36D03F01F0101238B40436065
:104F0000536E916E5960D36E33B1196821F480717C
:104F10001960136F516F5960012382F835300023F7
:104F200082F83430136D2BB1104698470020E1E62B
:104F3000012070470020DDE61000024028000240FA
:104F40004000024008540258F0B583B004460023E4
:104F500001937D4B1D687D4BA3FB0535AD0A876D25
:104F60003E68D7F800C0036879497A48834218BF81
:104F70008B420CBF0120002061D0774A93425ED063
:104F8000183293425BD01832934258D01832934271
:104F900055D01832934252D0183293424FD002F576
:104FA000567293424BD01832934248D018329342F3
:104FB00045D01832934242D0183293423FD0183233
:104FC00093423CD01832934239D01832934236D0B3
:104FD0006249634A934218BF8B4212D0614A93429E
:104FE0000FD0143293420CD01432934209D01432B1
:104FF000934206D01432934203D01432934240F0CD
:105000005F821A68E16D01F01F010420884010EAF8
:105010000C0F00F0A58212F0040F00F0A18278605E
:1050200012F4004F00F0588212F4803F40F04E829C
:10503000A36C002B00F044822046984740E2E26DCA
:1050400002F01F0108228A40324241D070BB424A1E
:1050500093422BD01832934228D01832934225D055
:105060001832934222D0183293421FD01832934202
:105070001CD002F55672934218D01832934215D0C4
:105080001832934212D0183293420FD01832934202
:105090000CD01832934209D01832934206D01832FD
:1050A000934203D01A68C2F3C00202E01A68C2F346
:1050B00080026AB11A6822F004021A60E36D03F0FC
:1050C0001F0208239340BB60636D43F001036365D7
:1050D000E26D02F01F0226FA02F313F0010F47D02F
:1050E00023681B481B498B4218BF83423CD01831B0
:1050F0008B4239D018318B4236D018318B4233D0A5
:1051000018318B4230D018318B422DD018318B4260
:105110002AD001F556718B4226D018318B4223D00C
:1051200018318B4220D018318B421DD018318B4260
:105130001AD018318B4217D018318B4214D0183145
:105140008B4211D01B6813E00C000024B5814E1B6C
:10515000100002402800024040000240085402585B
:105160001C540258305402585B6913F0800F3BD135
:10517000E36D03F01F03042202FA03F333423FD02E
:105180002268954895498A4218BF824234D0183126
:105190008A4231D018318A422ED018318A422BD01F
:1051A00018318A4228D018318A4225D018318A42D3
:1051B00022D001F556718A421ED018318A421BD086
:1051C00018318A4218D018318A4215D018318A42D3
:1051D00012D018318A420FD018318A420CD01831BF
:1051E0008A4209D013680BE001239340BB60636DD2
:1051F00043F002036365BBE7126812F0020F3DD172
:10520000E36D03F01F03102202FA03F333425FD071
:105210002268714871498A4218BF824234D01831DD
:105220008A4231D018318A422ED018318A422BD08E
:1052300018318A4228D018318A4225D018318A4242
:1052400022D001F556718A421ED018318A421BD0F5
:1052500018318A4218D018318A4215D018318A4242
:1052600012D018318A420FD018318A420CD018312E
:105270008A4209D01268C2F3800208E0BB60636D05
:1052800043F004036365BBE71268C2F3C002FAB1DE
:10529000BB6023681A6812F4802F0DD01B6813F4CA
:1052A000002F04D1236C9BB12046984710E0A36CDB
:1052B00073B1204698470BE01A6812F4807F03D13F
:1052C0001A6822F008021A60236C0BB12046984736
:1052D000E36D03F01F03202202FA03F3334200F0D0
:1052E000918022683C483D498A4218BF82422ED0B4
:1052F00018318A422BD018318A4228D018318A427C
:1053000025D018318A4222D018318A421FD0183154
:105310008A421CD001F556718A4218D018318A424F
:1053200015D018318A4212D018318A420FD0183164
:105330008A420CD018318A4209D018318A4206D0EC
:1053400018318A4203D01268C2F3400202E01268A8
:10535000C2F30012002A55D0BB6094F83530042BFC
:105360000ED023681A6812F4802F39D01B6813F40A
:10537000002F2CD1636C002B44D02046984741E08D
:105380002268136823F0160313602268536923F020
:1053900080035361236CB3B12268136823F00803C0
:1053A0001360E36D03F01F023F239340BB600123B2
:1053B00084F83530002384F83430236D002B7FD0FF
:1053C000204698477CE0A36C002BE5D1E9E7E36B2E
:1053D000C3B12046984715E0100002402800024063
:1053E0001A6812F4807F09D11A6822F010021A603C
:1053F000012384F83530002384F83430E36B0BB19B
:1054000020469847636D002B5AD0636D13F0010F4F
:1054100052D0042384F8353023689649964A934243
:1054200018BF8B422FD0183293422CD0183293429F
:1054300029D01832934226D01832934223D0183202
:10544000934220D0183293421DD002F556729342F7
:1054500019D01832934216D01832934213D0183212
:10546000934210D0183293420DD0183293420AD092
:105470001832934207D01832934204D01A6822F0AF
:1054800001021A6003E01A6822F001021A60019B0F
:1054900001330193AB4204D823681B6813F0010F5A
:1054A000F5D123681B6813F0010F0BD0032384F898
:1054B0003530002384F83430E36C0BB12046984734
:1054C00003B0F0BD012384F83530F2E7236C002BE4
:1054D000F6D020469847F3E712F0200F3AD1236820
:1054E0006449654A934218BF8B422FD018329342C9
:1054F0002CD01832934229D01832934226D0183239
:10550000934223D01832934220D0183293421DD0B8
:1055100002F55672934219D01832934216D01832BF
:10552000934213D01832934210D0183293420DD0C8
:10553000183293420AD01832934207D0183293425D
:1055400004D01A6822F004021A6003E01A6822F0FC
:1055500008021A60236C002BB2D020469847AFE7B0
:105560000220884010EA0C0F60D012F0020F5DD0CC
:10557000786012F4004F0ED012F4803F05D1636CB6
:10558000002B9DD0204698479AE7E36B002B97D0DD
:105590002046984794E712F0200F40D12368354900
:1055A000354A934218BF8B422FD0183293422CD0E9
:1055B0001832934229D01832934226D0183293429F
:1055C00023D01832934220D0183293421DD002F5D6
:1055D0005672934219D01832934216D01832934221
:1055E00013D01832934210D0183293420DD0183293
:1055F00093420AD01832934207D01832934204D013
:105600001A6822F00A021A6003E01A6822F01402F3
:105610001A60012384F83530002384F83430E36BBA
:10562000002B3FF44DAF2046984749E7082000FA89
:1056300001F111EA0C0F3FF443AF12F0080F3FF4F1
:105640003FAF1A6822F00E021A60E36D03F01F03E9
:10565000012202FA03F37B60626584F8352000239F
:1056600084F83430E36C002B3FF42AAF204698478F
:1056700026E700BF100002402800024030B4416B12
:105680000468D4F884306F4A134043EA8103C4F8B5
:1056900084300468D4F8843023F47F03856B43EAB4
:1056A0000543C4F88430836B0B440468D4F8881035
:1056B000114041EA8301C4F888100468D4F88810C6
:1056C00021F4FE01C56B41EA0541C4F88810C16BA5
:1056D00003EB41030468D4F8A010114041EA8301B0
:1056E000C4F8A0100468D4F8A01021F4FE01056CE1
:1056F00041EA0541C4F8A010016C446C04FB01337D
:105700000468D4F8B010114041EA8301C4F8B01025
:105710000468D4F8B01021F4FE01856C41EA05411B
:10572000C4F8B010816CC46C04FB01330468D4F875
:10573000AC10114041EA8301C4F8AC10016D446D16
:1057400004FB01330468D4F8F010114041EA8301EE
:10575000C4F8F0100468D4F8F01021F47C11856DC1
:1057600041EA0541C4F8F010816D03EB4103046880
:10577000D4F8C0100A4042EA8303C4F8C03002687B
:10578000D2F8C03023F47C13C16D43EA0143C2F860
:10579000C0300268D2F8C03023F07C53016E43EA77
:1057A0000163C2F8C030436B274A1A449200C266B4
:1057B000836B02EB83030367C16B03EBC103436796
:1057C000016C446C04FB01F103EB81038367816C82
:1057D000C46C04FB01F103EB8103C367016D446DED
:1057E00004FB01F103EB8103C0F88030816D03EB12
:1057F000C103C0F88430816EC46D01FB04FC03EB6F
:105800008C03C0F88830046E04FB01F103EB8103C4
:10581000C0F890300D498B420DD9D0F89C3043F040
:105820002003C0F89C30032380F89830012007E063
:10583000002342F8043BD0F890309342F8D800207F
:1058400030BC70470300FFFF002B0010FCD300406A
:1058500070B54C68FCB90D698C6825430C6845EA45
:1058600084450E6ACC6944EA06648E6934434E6905
:105870003443CE6844EA0644D0F88460806E00FB6E
:1058800003F306EB830E46F82350CEF804400EF1E6
:10589000080E002019E00C698D6825430C6825432B
:1058A00045F08045DDE702EB000C9CF803409CF8D6
:1058B00002301B0443EA04639CF8014043EA0423DA
:1058C000145C23434EF8043B0430CB68024CE35C89
:1058D0008342E8D870BD00BF4C14010830B595B0C4
:1058E00004464C22A04901A8FBF72AF9002C00F03D
:1058F000388123689D4A934220D094F898300BB3A6
:105900002268936923F010039361FEF7A1FA05461C
:1059100023689A6912F0080F1AD0FEF799FA431B10
:105920000A2BF5D9D4F89C3043F00103C4F89C301D
:10593000032384F89830012015B030BD03F580733F
:105940006360DAE784F899302046FCF77FF9D7E7FF
:105950009A6942F001029A61FEF77AFA05462368D5
:105960009A6912F0010F0FD1FEF772FA401B0A2854
:10597000F5D9D4F89C3043F00103C4F89C300323DC
:1059800084F898300120D7E79A6942F002029A61C0
:10599000237C012B40D02268936943F0400393613C
:1059A000637C012B3ED02268936923F4804393618A
:1059B000A37C012B3CD02268936943F4805393610C
:1059C0002268936923F44073A1680B4393612268B2
:1059D000936923F0A40393612268136923F01003F1
:1059E0001361E368012B29D0002B2CD0022B00F08F
:1059F0009B802268936943F0800393612268136956
:105A000043F010031361E368032B1CD122689369F0
:105A100043F02003936116E02268936923F040036A
:105A20009361BDE72268936943F480439361BFE7C4
:105A30002268936923F480539361C1E722689369D4
:105A400043F004039361A3695A1EE369013B1B02FF
:105A500043EA4263226A013A13436269013A2168C8
:105A600043EA0243CB61A368B3F5407F62D0236E63
:105A700033B12268D2F8C030616E0B43C2F8C03037
:105A8000E36D226ED3420DD02168D1F8C83023F0E7
:105A90000703A26E14A800EB820252F84C2C1343A9
:105AA000C1F8C830236C6BB12168D1F8BC3023F049
:105AB0000703626C14A800EB820252F84C2C1343CB
:105AC000C1F8BC30A36C73B12168D1F8BC3023F0AD
:105AD0007003E26C14A800EB820252F84C2C43EAEB
:105AE0000213C1F8BC30236D73B12168D1F8BC300A
:105AF00023F4E063626D14A800EB820252F84C2C90
:105B000043EA0223C1F8BC302268184B9A4222D0E3
:105B10000023C4F89430C4F89C30012384F89830F2
:105B20002046FFF7ABFD07E72268936943F02003A7
:105B3000936188E7A36A013BE26A013A43EA0223E0
:105B4000226B013A43EA0213626A013A216843EA8E
:105B50000243CB608BE76268936823F00303936092
:105B6000D6E70120E8E600BF7C12010800A0004053
:105B700090F89830013BDBB2012B07D9D0F89C306C
:105B800043F00203C0F89C30012070470B68DBB97A
:105B9000CB68072B0ED08A68DB0643EA82730A695A
:105BA00043EA02434A691343C26E496842F821300E
:105BB000002070470A69CB691B0243EA02438A69E5
:105BC000134343F06053EFE710B4CA680B6943EA2C
:105BD0004273072A0FD04A698C6842EA8472006FC8
:105BE000496800EBC10C40F83130CCF804200020AB
:105BF0005DF8044B70478A69F1E790F898C0BCF1F2
:105C0000010F07D0D0F89C3043F00403C0F89C305B
:105C100001207047920042EA011242EA4303016800
:105C2000009A1A43C1F880200020704790F89830FD
:105C3000012B07D0D0F89C3043F00403C0F89C300F
:105C400001207047022380F898300268936923F09E
:105C5000010393610023C0F89C301846704738B5A3
:105C6000044690F89830022B2BD10368D3F8C0007B
:105C700010F07C5F0CD0D3F8C40010F4001F0FD0DC
:105C8000D4F89C3043F40073C4F89C3001201FE02A
:105C9000D4F89C3043F02003C4F89C30012017E076
:105CA000D3F8C450C5F304452B462046FFF7D0FD7A
:105CB00022680123AB40C2F8D030C4F894300020F1
:105CC00006E0D0F89C3043F00803C0F89C30012077
:105CD00038BD000070B590F89840022C40F0DE808E
:105CE00040290CD041293DD0046D8C426DD8D0F8AC
:105CF0009C3043F02003C0F89C300120D5E00468BC
:105D0000D4F8A05015F4FE0F0CD0D4F8A45015F020
:105D10007F0F0FD1D0F89C3043F48073C0F89C30D3
:105D20000120C2E0D0F89C3043F02003C0F89C3042
:105D30000120BAE0D4F8A45015F0807504D0D4F84E
:105D4000A050002D0CDB0025D4F8A440C4F305249A
:105D50002544446C05FB04F4466F06EB840E3BE0DF
:105D60000125F1E70468D4F8B05015F4FE0F0CD00B
:105D7000D4F8B45015F07F0F0FD1D0F89C3043F415
:105D80008073C0F89C3001208FE0D0F89C3043F045
:105D90002003C0F89C30012087E0D4F8B45015F0FF
:105DA000807504D0D4F8B050002D0CDB0025D4F859
:105DB000B440C4F305242544C46C05FB04F4866F89
:105DC00006EB840E08E00125F1E7C56F446D01FB89
:105DD00004F405EB840E0025DEF8004004F0804456
:105DE000546064BBDEF80040C4F38A441460DEF8FB
:105DF000004004F000549460DEF8004004F00044D9
:105E00001461BEF80440D461BEF8064004F00F04EB
:105E1000D460DEF8044004F480145461DEF80440D9
:105E200004F4001494619EF8074004F07F041462A7
:105E3000DEF80440E40F54624FF0000C0CE0DEF892
:105E4000004024F060441460D1E70EEB0C04247A87
:105E500003F80C400CF1010C144CD668A45D6445A9
:105E6000F3D8402909D041290CD01F290ED8026847
:105E700001238B40C2F8983002E00368C3F8A850B1
:105E8000002012E00368C3F8B850F9E701F01F01E1
:105E9000026801238B40C2F89C30F1E7D0F89C30B7
:105EA00043F00803C0F89C30012070BD4C14010879
:105EB00090F89830013BDBB2012B07D9D0F89C3029
:105EC00043F00203C0F89C300120704710B403680F
:105ED0009C6D0C4224D1DC6D44F00104DC6511F4AE
:105EE000007F05D00468D4F8E0301343C4F8E030F4
:105EF00011F4806F05D00468D4F8E4301343C4F87B
:105F0000E4300068436D0C4A0A40134343650B4A72
:105F1000536943EA9173536100205DF8044B704765
:105F20009C6D31EA040402D00324DC65D7E7DC6D04
:105F300044F00204DC65D2E7FFFFCF3F00A8004039
:105F40007047704770477047704770477047704799
:105F50007047704770477047704770477047000040
:105F60002DE9F04F83B00446904B1A695B691340EA
:105F700001939B07009303681A6D02F4704A5A6DEF
:105F80000AEA020A1A6D02F00F095A6D09EA0209BB
:105F90001A6D02F0F0085A6D08EA02081E6D06F04C
:105FA00071565A6D16401F6D07F060775A6D174095
:105FB0005D6DD3F850B015F4807F02D01BF4807F64
:105FC00064D115F4806F02D01BF4806F67D1009B01
:105FD000002B74D1BAF1000F7ED1B9F1000F40F05F
:105FE0008780B8F1000F40F08F8015F4006F03D068
:105FF0001BF4006F40F0948015F4007F03D01BF475
:10600000007F40F0988015F4002F03D01BF4002F80
:1060100040F0A18015F4803F03D01BF4803F40F096
:10602000A58015F4802F03D01BF4802F40F0A980A9
:1060300015F4003F0FD01BF4003F0CD023684FF441
:1060400000321A65594B00221A61D4F89C3043F093
:106050008003C4F89C30002F40F09E804EB123682E
:106060001E65B20F514B1A61D4F89C303343C4F80B
:106070009C3022684E4B9A4200F09C80D4F89C30B1
:10608000002B40F0F98003B0BDE8F08F4FF4807230
:106090001A65464B00221A61FFF75AFF91E7236801
:1060A000D3F8DC10D3F8E4204FF4806018653F4B40
:1060B0000020186111402046FFF746FF87E723685C
:1060C00000221A65019B03F00303384A136100990B
:1060D0002046FFF735FF7DE72368C3F850A04FEA5D
:1060E0009A72324B1A6151462046FFF72AFF74E735
:1060F0002368C3F850904FEA99722C4B1A614946B5
:106100002046FBF755FC6CE72368C3F850804FEA44
:106110009872264B1A6141462046FBF75FFC64E704
:1061200023684FF400621A65204B00221A61204652
:10613000FFF708FF60E72368D3F8D810D3F8E02012
:106140004FF400701865194B00201861114020466B
:10615000FFF7F9FE57E723684FF400221A65134B47
:1061600000221A612046FFF7F0FE53E723684FF440
:1061700080321A650D4B00221A612046FFF7E6FEB9
:106180004FE723684FF480221A65084B00221A61FA
:106190002046FFF7DCFE4BE723681F65BA0F034B71
:1061A0001A6139462046FFF7D5FE57E700A80040A0
:1061B00000A0004063689A6812F0030F3FF45EAFDE
:1061C000196A01F00F015A6A186A00F03008586A1B
:1061D00008EA00081F6A07F4C077586A07401E6A79
:1061E00006F4FC46586A06401D6A05F4F025586A14
:1061F0000540D3F82490D3F820A011401CD1B8F169
:10620000000F1ED119F0400F02D01AF0400F20D11C
:106210005FBB36B163681E62D4F89C303343C4F868
:106220009C30002D3FF42AAF63681D62D4F89C3087
:106230002B43C4F89C3021E719622046FFF78BFE00
:10624000DDE76368C3F8208041462046FFF784FEFF
:10625000D8E76368D96BDA6B4020186202F03F021E
:10626000090C2046FFF779FED2E763681F623946C2
:106270002046FFF773FECCE72046FFF76AFE02E7F1
:10628000F0B583B000236BE085685E000324B44062
:1062900025EA0405CC68B4402C438460456825EAAF
:1062A0000C054C68C4F300149C402C43446069E026
:1062B000DD08083550F8254003F0070C4FEA8C0C38
:1062C0004FF00F0E0EFA0CFE24EA0E0E0C6904FAC3
:1062D0000CF444EA0E0440F825406BE0092400E089
:1062E000002404FA0EF42C430CF1020C664D45F820
:1062F0002C404FF0B0442568D44325EA02064F688D
:1063000017F4801F01D042EA05064FF0B0452E6019
:106310006D6804EA05064F6817F4001F01D042EAD1
:1063200005064FF0B0456E60D5F8845004EA0506C6
:106330004F6817F4003F01D042EA05064FF0B04520
:10634000C5F88460D5F880502C404E6816F4803F24
:1063500001D042EA05044FF0B042C2F88040013358
:106360000A6832FA03F400F08C804FF0010C0CFA4A
:1063700003FC1CEA0202F2D04C6804F00304013C66
:10638000012C81D94C6804F00304032C0CD0C468A0
:106390005D004FF0030C0CFA05FC24EA0C0C8C6831
:1063A000AC4044EA0C04C4604C6804F00304022CC2
:1063B0003FF47EAF04684FEA430E4FF0030C0CFA33
:1063C0000EFC24EA0C0C4C6804F0030404FA0EF4EE
:1063D00044EA0C0404604C6814F4403FBFD02B4CDA
:1063E000D4F8F45045F00205C4F8F450D4F8F44061
:1063F00004F002040194019C4FEA930C0CF1020595
:10640000214C54F8255003F0030E4FEA8E0E0F2452
:1064100004FA0EF425EA04051D4CA0423FF460AFD7
:1064200004F58064A0421ED004F58064A0421CD014
:1064300004F58064A0421AD004F58064A04218D00C
:1064400004F58064A04216D004F58064A04214D004
:1064500004F58064A04212D004F50064A0423FF429
:106460003DAF0A243DE701243BE7022439E703243A
:1064700037E7042435E7052433E7062431E707240A
:106480002FE703B0F0BD00BF0004005800440258DD
:10649000000002580AB181617047090481617047A8
:1064A0002DE9F04383B0D0F8008001EBC10300EB8D
:1064B00083039A6A5B6A9A4254D807460C469B1A31
:1064C00001EBC10200EB8202D2699A4200D31A4664
:1064D00002F103094FEA990915E006F103094FEAB1
:1064E0009909BB7904EBC40507EB8505296A00937C
:1064F000B3B2E2B2404605F030F82B6A33442B6267
:10650000AB6A3344AB6208EB441303F510639B6939
:106510009BB24B4512D304EBC40307EB83039A6A87
:106520005B6A9A420AD24BB19B1A04EBC40207EB96
:106530008202D6699E42D0D31E46CEE704EBC40346
:1065400007EB83077A6ABB6A9A420FD804F00F04FC
:106550000122A240D8F8343823EA0203C8F83438BC
:10656000002000E0012003B0BDE8F0830020FAE73E
:1065700030B583B000287AD0044690F89534ABB19A
:10658000032384F89534206804F09CFD237C8DF867
:106590000030231D0ECB206804F0CAFC58B1022342
:1065A00084F895340125284603B030BD80F8943432
:1065B00009F050F9E4E70021206805F0E4F902460B
:1065C000B8B903462079984218D903EBC30104EB0C
:1065D0008101012048750B75CB8500200876C861C4
:1065E000086203EBC30104EB810148620133DBB2B3
:1065F000E8E7022384F895340125D4E7904217D9BF
:1066000002EBC20304EB8303002183F8551283F8E5
:10661000542283F85812C3F85C12C3F8601202EBDC
:10662000C20304EB8303C3F864120132D2B2E5E77C
:10663000237C8DF80030231D0ECB206804F098FDDC
:10664000054658B900236374012384F89534237BED
:10665000012B08D0206805F055F9A4E7022384F83F
:10666000953401259FE7204600F076FDF2E70125ED
:1066700099E7036890F89424012A1AD010B50446CB
:10668000012280F89424DA6812F0400F02D0427B95
:10669000012A09D0206804F00FFD206805F024F9D4
:1066A000002084F8940410BD9A6B42F480329A63FF
:1066B000F0E702207047000070B504460D46006800
:1066C000066C00EB411303F530639A68A179012948
:1066D00011D038498E4256D03DB905EBC50304EBC5
:1066E0008303D3F86432002B5ED0E9B2204609F070
:1066F000F3F8002070BD12F0080F09D02E498E4229
:10670000F7D912F4004FF4D04FF400429A60F0E74A
:1067100012F0200F02D020229A60EAE712F0280F30
:10672000E7D125498E4206D912F4004F03D04FF429
:1067300000429A60DDE705EBC50204EB8202D2F865
:1067400074121B69C3F31203CB1AC2F868327DB905
:1067500005EBC50204EB8202D2F864226AB105EBB4
:10676000C50204EB8202D2F860121944C2F860122A
:10677000E9B2204609F0B0F8BBE704F29C420121DF
:1067800005F040F9F4E712F4004F03D04FF4004253
:106790009A60AEE712F0200F01D020229A60E9B291
:1067A000204609F099F8A4E704F29C42002105F084
:1067B00029F99AE70A31544F0A30544F38B5044644
:1067C00003681D6C03EB4113D3F8081B0E4A954276
:1067D00007D903F5306311F4004F02D04FF40042A3
:1067E0009A60204609F070F8074B9D4202D9A379C0
:1067F000012B01D0002038BD04F29C420121206809
:1068000005F000F9F6E700BF0A30544F90F89434D1
:10681000012B0CD010B50446012380F89434417448
:10682000006805F051F8002084F8940410BD02209F
:10683000704738B505468C4611F0800F2BD101F01A
:106840000F0E0EEBCE04A40004F514740444211DB5
:106850000EEBCE0E00EB8E0E00208EF855020CF0E3
:106860000F0C81F800C0C2F30A028A600B714A78EB
:106870000AB1A1F81AC0022B1CD095F89434012B50
:106880001BD0012385F89434286804F04BFD0020C8
:1068900085F8940438BD01F00F0000EBC0018900B9
:1068A00010312944043100EBC00005EB80000124C5
:1068B0004475D4E700234B71DFE70220EAE710B507
:1068C00004460A4611F0800F20D101F00F0000EBC2
:1068D000C0039B0003F514732344191D00EBC00093
:1068E00004EB8000002380F8553202F00F020A709A
:1068F00094F89434012B18D0012384F89434206840
:1069000004F05CFD002084F8940410BD01F00F0039
:1069100000EBC0039B0010332344191D00EBC000A3
:1069200004EB800001234375DFE70220EDE710B59B
:10693000144601F00F0C0CEBCC01890001F5147129
:10694000014404310CEBCC0E00EB8E0ECEF860222D
:10695000CEF864320023CEF868328EF855328EF8C5
:1069600054C28279012A04D0006804F00DFE002090
:1069700010BDCEF87042F7E701F00F0101EBC10145
:1069800000EB8100D0F86802704710B5144601F0A2
:106990000F0C0CEBCC0189001031014404310CEBDD
:1069A000CC0E00EB8E0ECEF82020CEF82430002343
:1069B000CEF8283001238EF815308EF814C0827975
:1069C0009A4204D0006804F0DFFD002010BDCEF82C
:1069D0003040F7E738B501F00F050279AA4238D305
:1069E00004460B4611F0800F1FD101EBC101890055
:1069F00001F514710144043103EBC30300EB83037D
:106A0000002283F8552201238B700D7094F8943482
:106A1000012B20D0012384F89434206804F0F9FE7F
:106A200085B1002084F8940438BD05EBC5018900C8
:106A300010310144043105EBC50300EB830301224F
:106A40005A75E0E704F29C42A179206804F0DAFF6D
:106A5000E7E70120E8E70220E6E701F00F0302790B
:106A60009A4230D310B5044611F0800F1ED103EBCB
:106A7000C301890001F514710144043103EBC30221
:106A800000EB8202002082F8550200228A700B700F
:106A900094F89434012B18D0012384F8943420689E
:106AA00004F0E4FE002084F8940410BD03EBC3015D
:106AB000890010310144043103EBC30200EB820270
:106AC00001205075E1E7012070470220EDE708B58D
:106AD00011F0800F0CD101F00F0101EBC101890011
:106AE00001F5147101440431006804F0D7FC08BDBD
:106AF00001F00F0101EBC1018900103101440431A3
:106B0000F2E72DE9F04F83B004460568284604F00B
:106B100036FF10B103B0BDE8F08F0646206804F0E0
:106B2000FFFE0028F6D005F50067BB68C3F30D2310
:106B3000C4F8D434206804F0F3FE10F0020F04D03F
:106B40002268536903F002035361206804F0E8FEF1
:106B500010F0100F16D02268936923F01003936190
:106B6000D5F8208008F00F0908F4F013B3F5802F52
:106B70006AD0B3F5402F00F08D802268936943F00E
:106B800010039361206804F0CBFE10F4002F40F056
:106B90009380206804F0C4FE10F4802F40F0FC8045
:106BA000206804F0BDFE0028C0F27D81206804F05A
:106BB000B7FE10F4006F09D0BB6813F0010F40F06E
:106BC0008A812268536903F400635361206804F0EA
:106BD000A7FE10F0006F15D02268536903F0006320
:106BE000536194F8CC34002B40F07981012184F872
:106BF000CC1423685B6DC3F38303C4F8D034204600
:106C000000F0BEFA206804F08BFE10F4805F40F0C4
:106C10006A81206804F084FE10F4005F40F0B681C1
:106C2000206804F07DFE10F0080F40F0C781206856
:106C300004F076FE10F0800F00F0DA81AB6923F0EB
:106C40008003AB610126C3E147F6F07318EA030F36
:106C500093D04FEA181A4FEAC903019309EBC90B05
:106C600004EB8B0BC8F30A12DBF86012284604F021
:106C7000ADFDDBF86032CAF30A0A5344CBF8603248
:106C8000DBF86832019A4A4404EB82025344C2F8AA
:106C9000683272E7082204F29C41284604F096FD0F
:106CA00009EBC90304EB8303D3F86822C8F30A187D
:106CB0004244C3F8682260E7206804F035FE80464D
:106CC000B14635E005EB49130122C3F8082B4946CC
:106CD0002046FFF7F1FC3CE005EB49130822C3F81E
:106CE000082B49462046FFF769FD35E009EBC9034B
:106CF00004EB830393F85732012B41D005EB491382
:106D00000222C3F8082B1AF0200F04D005EB491318
:106D10002022C3F8082B1AF4005F05D005EB4913B5
:106D20004FF40052C3F8082B09F101094FEA580843
:106D3000B8F1000F3FF42DAF18F0010FF4D05FFA57
:106D400089FB5946206804F0FFFD824610F0010FD0
:106D5000B8D11AF0080FBFD11AF0100F04D005EB0C
:106D600049131022C3F8082B1AF0020FCBD06B691D
:106D700013F0800FBAD07B6843F480637B60B5E783
:106D800009EBC90304EB8303002283F85722594619
:106D9000204608F0F1FDB1E7206804F0CDFD804603
:106DA000B14625E05946204608F0A2FD1AF0080F2A
:106DB00004D005EB49130822C3F808291AF0100F74
:106DC00004D005EB49131022C3F808291AF0400F2C
:106DD00004D005EB49134022C3F808291AF0020F2A
:106DE00040D11AF0800F59D109F101094FEA580832
:106DF000B8F1000F3FF4D4AE18F0010FF4D05FFAF1
:106E000089FB5946206804F0A8FD824610F0010F66
:106E1000CCD009F00F02012101FA02F27B6B23EAC8
:106E200002037B6305EB4913C3F80819A3798B426E
:106E3000B8D109EBC90304EB83031A6AD9690A4480
:106E40001A62B9F1000FADD109EBC90304EB83035A
:106E50005B6A002BA6D104F29C420121206804F059
:106E6000D1FD9FE74946284604F032F909EBC903F2
:106E700004EB8303DB7D012B05D005EB49130222D4
:106E8000C3F80829ADE709EBC90304EB830300222B
:106E9000DA755946204608F075FDEEE7494620466A
:106EA000FFF7FEFAA0E77B6823F001037B6094F80C
:106EB000CC34012B08D0204608F058FD22685369D5
:106EC00003F00043536171E6002184F8CC1420469E
:106ED00000F056F9F2E7204608F030FD71E6204652
:106EE00008F02CFD8EE67B6823F001037B60102107
:106EF000206804F0EDF81AE005EB46134FF67F31F9
:106F0000C3F80819D3F8002922F40012C3F80029A5
:106F1000C3F8081BD3F8002B22F40012C3F8002B8F
:106F2000D3F8002B42F00062C3F8002B013623791E
:106F3000B342E1D8FB6943F00113FB61E37BDBB1B2
:106F4000D7F8843043F00B03C7F884307B6C43F0F0
:106F50000B037B64D5F8003823F4FE63C5F80038D2
:106F600004F29C42A179206804F04CFD2268536928
:106F700003F4805353614CE67A6942F22B031343C6
:106F80007B613B6943F00B033B61E3E7206804F05E
:106F90002BFD206804F0B4F9E071266800F05CFE77
:106FA0000146E279304604F015F8204608F0B1FCBD
:106FB0002268536903F40053536131E6204608F018
:106FC000A2FC2268536903F0080353612FE60136DF
:106FD0002379B3420CD906EBC60304EB830393F881
:106FE0005732012BF3D1F1B22046FFF770FDEEE7E7
:106FF000206804F095FC10F4801F25D1206804F06F
:107000008FFC10F4001F58D0012326E001362379AD
:10701000B3421BD905EB4613D3F8002906EBC60390
:1070200004EB83031B7E012BF0D1002AEEDA06EB82
:10703000C60304EB83030122DA7566F07F01C9B24F
:107040002046FFF744FDE1E70126E0E722685369A7
:1070500003F480135361D1E7013322799A4227D98F
:1070600005EB4312D2F8001B03EBC30204EB8202D0
:1070700092F85822012AEFD10029EDDAD4F8D4246D
:1070800082EA114212F0010FE6D103EBC30204EBD6
:107090008202012182F85712AA6942F08002AA6195
:1070A0006A6912F0800FD7D17B6843F400737B606C
:1070B0002268536903F400135361206804F030FC24
:1070C00010F0804F10D1206804F02AFC10F0040F5B
:1070D0003FF420AD23685D6815F0040F0DD12268E0
:1070E00053682B43536015E5204608F051FC226895
:1070F000536903F080435361E5E7204608F04EFCF6
:10710000EDE710B40468606A31B940EA0240A06259
:1071100000205DF8044B70478C46A36A00EB1340D7
:10712000002308E003F1400104EB8101496800EB12
:1071300011400133DBB20CF1FF318B42F2D340EA54
:1071400002400CF13F0104EB81046060E0E703685A
:107150005962002070470000034602680121C0F810
:10716000D814002083F8CC04936943F00063936142
:10717000516D024B0B435365704700BF0300001075
:1071800070470000134BDB6813F0040F07D1114B5D
:10719000DB6803F0070383421AD00120704710B563
:1071A0000C4AD36823F007030343D360FCF750FE77
:1071B0000446084B5B6813F4005F07D1FCF748FEF8
:1071C000001BB0F57A7FF4D9012000E0002010BD4B
:1071D0000020704700480258024AD36843F0807389
:1071E000D360704700480258002800F0D58238B5B7
:1071F0000446036813F0010F25D0A04A136903F079
:107200003803926A102B15D0182B0FD06368B3F592
:10721000803F3FD0002B53D1984B1A6822F4803224
:107220001A601A6822F480221A6038E002F0030221
:10723000022AEBD1914B1B6813F4003F03D0636823
:10724000002B00F0AB82236813F0020F00F088805F
:107250008A4A1369926A13F038035AD0182B55D012
:10726000E368002B00F0A98084490A6822F0190223
:1072700013430B60FCF7ECFD0546804B1B6813F0D5
:10728000040F40F09180FCF7E3FD401B0228F4D985
:1072900003208AE2794A136843F4803313606368F9
:1072A0002BB3FCF7D5FD0546744B1B6813F4003F68
:1072B000C9D1FCF7CDFD401B6428F5D9032074E249
:1072C000B3F5A02F09D06D4B1A6822F480321A60F2
:1072D0001A6822F480221A60E1E7684B1A6842F4C7
:1072E00080221A601A6842F480321A60D7E7FCF7ED
:1072F000AFFD0546614B1B6813F4003FA3D0FCF7BC
:10730000A7FD401B6428F5D903204EE212F0030FBD
:10731000A6D15A4B1B6813F0040F03D0E368002B6F
:1073200000F03E82554A136823F01903E1680B43CD
:107330001360FCF78DFD0546504B1B6813F0040FDE
:1073400006D1FCF785FD401B0228F5D903202CE26D
:107350004A4A536823F0FE43216943EA01635360BC
:10736000236813F0100F51D0444A136903F0380317
:10737000926A082B39D0182B33D0E369002B69D0DF
:107380003E4A136843F080031360FCF761FD054635
:107390003A4B1B6813F4807F53D1FCF759FD401B17
:1073A0000228F5D9032000E2344A536823F0FE4353
:1073B000216943EA01635360D2E7304A136823F03E
:1073C00001031360FCF744FD05462C4B1B6813F0CA
:1073D000040FC5D0FCF73CFD401B0228F5D9032063
:1073E000E3E102F00302012AC7D1244B1B6813F426
:1073F000807F03D0E369802B40F0D4811F4AD3689B
:1074000023F07C53216A43EA0163D360236813F0BD
:10741000080F49D06369002B32D0184A536F43F0EC
:1074200001035367FCF714FD0546144B5B6F13F023
:10743000020F39D1FCF70CFD401B0228F5D90320BF
:10744000B3E10E4AD36823F07C53216A43EA016317
:10745000D360DBE7094A136823F080031360FCF76D
:10746000F7FC0546054B1B6813F4807FCED0FCF774
:10747000EFFC401B0228F5D9032096E10044025896
:107480009D4A536F23F001035367FCF7E1FC054667
:10749000994B5B6F13F0020F06D0FCF7D9FC401B31
:1074A0000228F5D9032080E1236813F0200F29D0AA
:1074B000A3699BB1904A136843F480531360FCF7AF
:1074C000C7FC05468C4B1B6813F4005F1AD1FCF710
:1074D000BFFC401B0228F5D9032066E1864A1368E9
:1074E00023F480531360FCF7B3FC0546824B1B6802
:1074F00013F4005F06D0FCF7ABFC401B0228F5D963
:10750000032052E1236813F0040F21D1636A002B9A
:1075100000F04A81784A126902F03802182A00F015
:10752000F180022B75D0744A136823F080731360C6
:10753000FCF78EFC0446704B1B6813F0007F00F0D4
:10754000D880FCF785FC001B0228F4D903202CE12D
:107550006A4A136843F480731360FCF779FC0546AC
:10756000664B1B6813F4807F06D1FCF771FC401B4F
:107570006428F5D9032018E1A368012B0AD00BBBBE
:107580005D4B1A6F22F001021A671A6F22F0040293
:107590001A6704E0584A136F43F001031367A368A6
:1075A00033B3FCF755FC0546534B1B6F13F0020F2A
:1075B000ACD1FCF74DFC401B41F288339842F3D923
:1075C0000320F2E0052B09D04B4B1A6F22F0010289
:1075D0001A671A6F22F004021A67E0E7464B1A6F27
:1075E00042F004021A671A6F42F001021A67D6E7E6
:1075F000FCF72EFC0546404B1B6F13F0020F85D0A5
:10760000FCF726FC401B41F288339842F3D9032053
:10761000CBE0394A136823F080731360FCF718FC41
:107620000546354B1B6813F0007F06D0FCF710FCB5
:10763000401B0228F5D90320B7E02F4B996A304A46
:107640000A40A16AE06A41EA00110A439A62226B89
:10765000013AC2F30802616B0139490289B20A4357
:10766000A16B0139090401F4FE010A43E16B013900
:10767000090601F0FE410A431A63DA6A22F00102A8
:10768000DA625A6B6FF3CF02A16C42EAC1025A630D
:10769000DA6A22F00C02216C0A43DA62DA6A22F01A
:1076A0000202616C0A43DA62DA6A42F48032DA6218
:1076B000DA6A42F40032DA62DA6A42F48022DA628A
:1076C000DA6A42F00102DA621A6842F080721A60E5
:1076D000FCF7BEFB0446084B1B6813F0007F06D185
:1076E000FCF7B6FB001B0228F5D903205DE0002063
:1076F0005BE0002059E000BF0044025800480258F7
:107700000CFCFFFF30498A6A086B012B4ED002F057
:107710000303A16A8B424BD1C2F30512E36A9A427A
:1077200048D1C0F30802236B013B9A4244D1C0F315
:107730004622636B013B9A4240D1C0F30642A36BE1
:10774000013B9A423CD1C0F30660E36B013B984297
:1077500038D11D4B5B6BC3F3CC03A26C9A4201D1B1
:10776000002022E0184AD36A23F00103D362FCF719
:107770006FFB0546FCF76CFBA842FBD0124A536B2B
:107780006FF3CF03A16C43EAC1035363D36A43F0A1
:107790000103D362002008E001207047012004E0CB
:1077A000012002E0012000E0002038BD0120FCE7BC
:1077B0000120FAE70120F8E70120F6E70120F4E7CD
:1077C0000120F2E70120F0E700440258754B1B69E5
:1077D00003F03803102B00F0DE80182B0FD0002BA5
:1077E00040F0DB806F4B1B6813F0200F00F0D78058
:1077F0006C4B1B68C3F3C1036B48D840704710B48F
:10780000684B9A6A02F003029C6AC4F30510D96AB5
:1078100001F001015B6BC3F3CC0301FB03F307EE43
:10782000903AF8EE677A14F47C7F77D0012A4AD038
:10783000022A76D0002A40F091805A4B1B6813F040
:10784000200F23D057490A68C2F3C102564BD340D8
:1078500007EE103AF8EE476A07EE100AB8EE476AEC
:1078600086EE867A0B6BC3F3080306EE903AF8EEC9
:10787000666A9FED4E6A67EE867A76EEA77AF7EE35
:10788000006A77EEA67A27EE277A38E007EE100A2C
:10789000F8EE476A9FED466A86EE267A414B1B6BEF
:1078A000C3F3080306EE903AF8EE666A9FED3F6A6E
:1078B00067EE867A76EEA77AF7EE006A77EEA67A1A
:1078C00027EE277A1BE007EE100AF8EE476A9FEDD5
:1078D000396A86EE267A334B1B6BC3F3080306EE38
:1078E000903AF8EE666A9FED316A67EE867A76EE38
:1078F000A77AF7EE006A77EEA67A27EE277A294B69
:107900001B6BC3F34623013307EE903AF8EE677A18
:10791000C7EE276AFCEEE67A17EE900A5DF8044B94
:10792000704707EE100AF8EE476A9FED236A86EE6D
:10793000267A1C4B1B6BC3F3080306EE903AF8EE55
:10794000666A9FED1A6A67EE867A76EEA77AF7EE98
:10795000006A77EEA67A27EE277AD0E707EE100ABC
:10796000F8EE476A9FED136A86EE267A0D4B1B6B85
:10797000C3F3080306EE903AF8EE666A9FED0B6AD1
:1079800067EE867A76EEA77AF7EE006A77EEA67A49
:1079900027EE277AB3E7094870470948704702483D
:1079A000704700BF004402580090D0030000003927
:1079B0000024744C0024744A001BB74B00366E013F
:1079C00000093D00002800F0328170B50D460446E4
:1079D0009B4B1B6803F00F038B420BD2984A136832
:1079E00023F00F030B431360136803F00F038B4264
:1079F00040F01F81236813F0040F0CD02269914BD3
:107A00009B6903F070039A4205D98E498B6923F074
:107A100070031A438A61236813F0080F0CD062695F
:107A2000884BDB6903F070039A4205D98549CB691D
:107A300023F070031A43CA61236813F0100F0CD0AF
:107A4000A269804BDB6903F4E0639A4205D97D4962
:107A5000CB6923F4E0631A43CA61236813F0200F53
:107A60000CD0E269774B1B6A03F070039A4205D988
:107A700074490B6A23F070031A430A62236813F0F7
:107A8000020F0CD0E2686F4B9B6903F00F039A4220
:107A900005D96C498B6923F00F031A438A61236867
:107AA00013F0010F41D0674A936923F47063A16812
:107AB0000B4393616368022B0AD0032B27D0012B61
:107AC0002CD0604A126812F0040F06D10120ADE0FC
:107AD000126812F4003F00F0AE805A490A6922F0A1
:107AE000070213430B61FCF7B3F90646554B1B69BC
:107AF00003F038036268B3EBC20F16D0FCF7A8F9A5
:107B0000801B41F288339842F0D903208EE04D4A21
:107B1000126812F0007FE0D1012087E0494A126824
:107B200012F4807FD9D1012080E0236813F0020F86
:107B30000CD0E268434B9B6903F00F039A4205D2D5
:107B400040498B6923F00F031A438A613C4B1B6841
:107B500003F00F03AB420AD9394A136823F00F032D
:107B60002B431360136803F00F03AB4265D1236806
:107B700013F0040F0CD02269324B9B6903F07003A1
:107B80009A4205D22F498B6923F070031A438A6108
:107B9000236813F0080F0CD062692A4BDB6903F0ED
:107BA00070039A4205D22749CB6923F070031A4328
:107BB000CA61236813F0100F0CD0A269214BDB6956
:107BC00003F4E0639A4205D21E49CB6923F4E063D3
:107BD0001A43CA61236813F0200F0CD0E269194BD5
:107BE0001B6A03F070039A4205D216490B6A23F010
:107BF00070031A430A62FFF7E9FD12498B69C3F368
:107C00000323114AD35C03F01F03D8408B6903F0B0
:107C10000F03D35C03F01F0320FA03F30B4A136036
:107C20000B4B18600B4B1868FAF78CFB70BD0120EA
:107C300070470120FAE70120F8E70120F6E700BFCE
:107C400000200052004402583414010808000024A7
:107C50000C0000245000002408B5FFF7B7FD0B4AC4
:107C60009369C3F303230A49CB5C03F01F0320FA93
:107C700003F3926902F00F02885C00F01F0023FA00
:107C800000F0044A1060044A136008BD0044025822
:107C900034140108080000240C00002408B5FFF784
:107CA000DBFF054BDB69C3F30213044AD35C03F02B
:107CB0001F03D84008BD00BF004402583414010817
:107CC00008B5FFF7C9FF054BDB69C3F30223044A7C
:107CD000D35C03F01F03D84008BD00BF0044025826
:107CE000341401083F230360114B1A6902F00702A4
:107CF00042609A6902F4706282609A6902F00F022F
:107D0000C2609A6902F070020261DA6902F07002E0
:107D10004261DA6902F4E06282611B6A03F0700377
:107D2000C361044B1B6803F00F030B60704700BF77
:107D30000044025800200052404B9B6A03F00303AA
:107D4000032B79D070B505460E463C4A136823F0E4
:107D500080631360FCF77CF80446384B1B6813F013
:107D6000006F06D0FCF774F8031B022BF5D9032033
:107D700070BD324B9A6A22F47C32296842EA0132A1
:107D80009A626A68013AC2F30802A9680139490295
:107D900089B20A43E9680139090401F4FE010A4382
:107DA00029690139090601F0FE410A439A63DA6A3A
:107DB00022F0C00269690A43DA62DA6A22F020021C
:107DC000A9690A43DA62DA6A22F01002DA62DA6B2F
:107DD0006FF3CF02E96942EAC102DA63DA6A42F07C
:107DE0001002DA62C6B91A46DB6A43F40023D36292
:107DF000124A136843F080631360FCF729F80446C5
:107E00000E4B1B6813F0006F14D1FCF721F8001B18
:107E10000228F5D90320ABE7012E05D0074AD36A23
:107E200043F40013D362E3E7044AD36A43F48013B4
:107E3000D362DDE700209BE7012070470044025831
:107E4000404B9B6A03F00303032B79D070B50546C2
:107E50000E463C4A136823F080531360FBF7F8FF8B
:107E60000446384B1B6813F0005F06D0FBF7F0FFA9
:107E7000031B022BF5D9032070BD324B9A6A22F006
:107E80007C72296842EA01529A626A68013AC2F336
:107E90000802A9680139490289B20A43E96801392F
:107EA000090401F4FE010A4329690139090601F0B8
:107EB000FE410A431A64DA6A22F4406269690A439D
:107EC000DA62DA6A22F40072A9690A43DA62DA6ACB
:107ED00022F48072DA625A6C6FF3CF02E96942EAE7
:107EE000C1025A64DA6A42F48072DA62C6B91A468A
:107EF000DB6A43F48003D362124A136843F0805371
:107F00001360FBF7A5FF04460E4B1B6813F0005FE0
:107F100014D1FBF79DFF001B0228F5D90320ABE726
:107F2000012E05D0074AD36A43F08073D362E3E79A
:107F3000044AD36A43F40003D362DDE700209BE7E1
:107F40000120704700440258F8B50446036813F056
:107F5000006F30D0436EB3F5001F26D00ED8ABB102
:107F6000B3F5801F07D102210830FFF7E5FE054673
:107F700095B12E4621E0012635461EE0B3F5401F9F
:107F800001D1002508E00126354616E09B4AD36A58
:107F900043F40033D3620025984A136D23F4401351
:107FA000616E0B431365002607E002212830FFF7BE
:107FB00047FF0546DCE700263546236813F4807F3B
:107FC00014D0A36D042B34D8DFE803F003252C086C
:107FD00008008A4AD36A43F40033D36265BB874AF8
:107FE000136D23F00703A16D0B431365236813F48E
:107FF000806F47D0D4F8A430B3F5800F33D020D8A9
:108000005BB3B3F5001F19D1002104F10800FFF79D
:1080100093FE05462DE0002104F10800FFF78CFED9
:108020000546DBE7002104F12800FFF709FF0546BC
:10803000D4E701263546D9E72E46D7E7012635464F
:1080400020E0B3F5000F14D0B3F5200F11D0B3F535
:10805000C00F0ED00126354614E0684AD36A43F4B7
:108060000033D36205E0002104F12800FFF7E8FEA9
:108070000546E5B9614A936D23F46003D4F8A41072
:108080000B439365236813F4006F36D0D4F8A830FF
:10809000B3F1007F22D00FD8D3B1B3F1807F08D1E4
:1080A000002104F10800FFF747FE05461CE02E46BC
:1080B000E8E70126354620E0B3F1806F14D0B3F134
:1080C000A06F11D0B3F1407F0ED00126354614E0E9
:1080D0004A4AD36A43F40033D36205E0002104F135
:1080E0002800FFF7ADFE0546C5B9444A936D23F05D
:1080F000E063D4F8A8100B439365236813F0007F66
:1081000024D0E36C202B13D00DD8BBB1102B07D19A
:108110003A4AD36A43F40033D3620FE02E46ECE7C9
:108120000126354612E0302B08D0012635460DE0F9
:10813000022104F10800FFF7FFFD0546D5B92F4ADB
:10814000D36C23F03003E16C0B43D364236813F446
:10815000805F31D0E36DB3F5005F1FD00FD8BBB1A6
:10816000B3F5805F08D1002104F10800FFF7E4FDBA
:10817000054619E02E46E9E7012635461CE0B3F531
:10818000405F11D0B3F5804F0ED00126354613E085
:108190001A4AD36A43F40033D36205E0002104F1A4
:1081A0002800FFF74DFE054615BB144A136D23F456
:1081B000E043E16D0B431365236813F4005F33D094
:1081C000236EB3F5003F27D01AD843B1B3F5803FF3
:1081D00010D1012104F10800FFF7AEFD054615BBE3
:1081E000064A136D23F4E023216E0B4313651BE055
:1081F0002E46E1E70126354616E000BF004402584E
:10820000B3F5802FEBD0B3F5A02FE8D0B3F5403F06
:10821000E5D00126354607E0012104F12800FFF7EB
:108220000FFE0546DBE72E46236813F4804F30D05F
:10823000D4F8AC30B3F1005F23D016D843B1B3F11A
:10824000805F0FD1012104F10800FFF775FD05469D
:10825000F5B98B4A936D23F0E043D4F8AC100B438F
:10826000936516E00126354613E0B3F1804FEFD059
:10827000B3F1A04FECD0B3F1405FE9D00126354611
:1082800007E0012104F12800FFF7DAFD0546DFE7EA
:108290002E46236813F4004F20D0E36EB3F1805FC5
:1082A00006D0B3F1005F11D03BB10126354615E091
:1082B000734AD36A43F40033D36275B9704A136DBD
:1082C00023F04053E16E0B43136507E0012104F1F5
:1082D0000800FFF731FD0546EFE72E46236813F04F
:1082E000807F13D0A36C032B3BD8DFE803F0070299
:1082F0003307634AD36A43F40033D362A5BB604AB1
:10830000D36C23F00303A16C0B43D364236813F4F1
:10831000800F2BD1236813F0010F00F0A380A36F0F
:10832000282B00F29D80DFE803F08B9B9B9B9B9B9F
:108330009B9B859B9B9B9B9B9B9B949B9B9B9B9BAA
:108340009B9B8B9B9B9B9B9B9B9B8B9B9B9B9B9B9D
:108350009B9B8B00022104F10800FFF7EDFC054612
:10836000CCE701263546D1E72E46CFE7454A1368CC
:1083700043F480731360FBF76BFD0746414B1B68AA
:1083800013F4807F05D1FBF763FDC01B6428F5D98A
:108390000325002D4AD13A4B1B6FD4F8B02053402F
:1083A00013F4407F0CD0364B1A6F22F44072196FD1
:1083B00041F480311967196F21F4803119671A6708
:1083C000D4F8B030B3F5807F15D08DBBD4F8B03081
:1083D00003F44072B2F5407F1ED0294A136923F49A
:1083E0007C53136126490B6FD4F8B020C2F30B0203
:1083F00013430B678EE7FBF72BFD0746204B1B6FE4
:1084000013F0020FE1D1FBF723FDC01B41F28833CB
:108410009842F3D90325D8E71948026922F47C521F
:10842000194901EA131313430361DBE72E4671E791
:108430002E466FE7012104F10800FFF77DFC054699
:10844000E5B90F4A536D23F03803A16F0B43536511
:1084500008E0012104F12800FFF7F2FC0546EFE7F0
:1084600001263546236813F0020F1DD0636F052BDC
:1084700032D8DFE803F0110B2A1111112E46F1E773
:108480000044025800480258CFFFFF00012104F1C8
:108490000800FFF751FC05460DBBB74A536D23F0AA
:1084A0000703616F0B435365236813F0040F29D052
:1084B000D4F89030052B00F20881DFE813F01800A3
:1084C0001200FF00180018001800012104F1280014
:1084D000FFF7B6FC0546DFE701263546E4E72E4602
:1084E000E2E7012104F10800FFF726FC0546002D14
:1084F00040F0EE80A04A936D23F00703D4F890106B
:108500000B439365236813F0200F1DD0D4F88C30F3
:10851000B3F1005F00F0F08000F2DF804BB1B3F107
:10852000805F40F0D780002104F10800FFF704FCD1
:108530000546002D40F0E7808F4A536D23F0E0435D
:10854000D4F88C100B435365236813F0400F1DD0F3
:10855000D4F89830B3F5006F00F0E98000F2D880CD
:108560004BB1B3F5806F40F0D080002104F10800DA
:10857000FFF7E2FB0546002D40F0E0807E4A936D58
:1085800023F4E053D4F898100B439365236813F059
:10859000800F1DD0D4F89C30B3F5804F00F0E280FE
:1085A00000F2D1804BB1B3F5005F40F0C9800021EB
:1085B00004F10800FFF7C0FB0546002D40F0D9800C
:1085C0006D4A936D23F46043D4F89C100B4393657C
:1085D000236813F0080F0DD0D4F88030B3F5805F16
:1085E00000F0CC80644A536D23F44053D4F88010DB
:1085F0000B435365236813F0100F0DD0D4F894305B
:10860000B3F5807F00F0C4805B4A936D23F4407320
:10861000D4F894100B439365236813F4002F1CD0F7
:10862000D4F8A030B3F5803F00F0BC80B3F5003F34
:1086300008D0002B40F0BD80002104F10800FFF7B6
:108640007BFB0546002D40F0B7804B4A936D23F429
:108650004033D4F8A0100B439365236813F4802FA4
:108660001CD0D4F88430B3F5001F00F0A780B3F518
:10867000401F08D0B3F5801F40F0A7803E4AD36A60
:1086800043F40033D362002D40F0A2803A4A536D88
:1086900023F44013D4F884100B435365236813F478
:1086A000803F00F0AD80236D002B00F09380B3F588
:1086B000803F00F09D8001263546A1E0012104F1B4
:1086C0002800FFF7BDFB054611E70126354619E7EF
:1086D0002E4617E70126354636E7B3F1804F3FF4C3
:1086E00028AFB3F1A04F3FF424AFB3F1405F3FF4A4
:1086F00020AF0126354627E7022104F12800FFF7C5
:108700009FFB054615E72E461EE7012635463DE749
:10871000B3F5805F3FF42FAFB3F5A05F3FF42BAF0D
:10872000B3F5406F3FF427AF012635462EE702210F
:1087300004F12800FFF784FB05461CE72E4625E7D9
:108740000126354644E7B3F5004F3FF436AFB3F5A5
:10875000204F3FF432AFB3F5C04F3FF42EAF0126A8
:10876000354635E7022104F12800FFF769FB05468D
:1087700023E72E462CE700BF00440258022104F1F3
:108780002800FFF75DFB00283FF42CAF012629E706
:10879000022104F12800FFF753FB00283FF434AF17
:1087A000012631E7022104F12800FFF749FB0546C5
:1087B00048E70126354650E72E464EE7012104F1F1
:1087C0002800FFF73DFB05465DE70126354665E7D6
:1087D0002E4663E7694AD36A43F40033D36275B91E
:1087E000664AD36C23F48033216D0B43D36407E0D6
:1087F000022104F10800FFF79FFA0546EFE72E4635
:10880000236813F0005F10D1236813F4003F26D0D3
:10881000E36FB3F5807F14D010D9B3F5007F15D086
:10882000B3F5407F12D0012619E0022104F128009F
:10883000FFF706FB0028E7D00126E5E733B1012664
:108840000DE04E4AD36A43F40033D362002D5CD16D
:108850004A4A536D23F44073E16F0B435365236819
:1088600013F4801F06D0454A136D23F00043216F97
:108870000B431365236813F4001F06D03F4A136DA2
:1088800023F08073A16E0B431365236813F0804FB0
:1088900009D03A4B1A6922F400421A611A69D4F8D5
:1088A000B4100A431A612368002B06DA334AD36CEA
:1088B00023F04053616D0B43D364236813F4000F1E
:1088C00007D02E4A536D23F44003D4F888100B438D
:1088D0005365636813F0010F19D1636813F0020F39
:1088E0001ED1636813F0040F23D1636813F0080FDF
:1088F00028D1636813F0100F2DD1636813F0200F97
:1089000032D106B101263046F8BD2E46A7E7002138
:1089100004F10800FFF710FA0028DED00646DCE775
:10892000012104F10800FFF707FA0028D9D0064614
:10893000D7E7022104F10800FFF7FEF90028D4D0A0
:108940000646D2E7002104F12800FFF779FA002853
:10895000CFD00646CDE7012104F12800FFF770FAD9
:108960000028CAD00646C8E7022104F12800FFF714
:1089700067FA0028C5D00126C5E700BF00440258A9
:1089800008B5FFF769F9054B1B6AC3F30213044AE4
:10899000D35C03F01F03D84008BD00BF0044025859
:1089A0003414010810B4794B9A6A9C6AC4F3053CEC
:1089B000D96AC1F30011DB6BC3F3CC0301FB03F3F2
:1089C00014F47C3F00F0DD8002F0030207EE903AE1
:1089D000F8EE677A012A4BD0022A00F09880002A2C
:1089E00040F0B280694B1B6813F0200F23D0674919
:1089F0000A68C2F3C102664BD34007EE103AF8EEA4
:108A0000476A07EE10CAB8EE476A86EE867A8B6B25
:108A1000C3F3080306EE903AF8EE666A9FED5D6ACE
:108A200067EE867A76EEA77AF7EE006A77EEA67A98
:108A300027EE277A38E007EE10CAF8EE476A9FED76
:108A4000566A86EE267A514B9B6BC3F3080306EEFB
:108A5000903AF8EE666A9FED4F6A67EE867A76EE98
:108A6000A77AF7EE006A77EEA67A27EE277A1BE060
:108A700007EE10CAF8EE476A9FED486A86EE267A3E
:108A8000424B9B6BC3F3080306EE903AF8EE666A1E
:108A90009FED406A67EE867A76EEA77AF7EE006A77
:108AA00077EEA67A27EE277A384A936BC3F34623EC
:108AB00007EE903AF8EE677AF7EE006A77EEA67A5C
:108AC00087EE276ABCEEC66A80ED006A936BC3F33B
:108AD000064307EE903AF8EE677A77EEA67A87EECD
:108AE000276ABCEEC66A80ED016A936BC3F3066326
:108AF00007EE903AF8EE677A77EEA67AC7EE276A25
:108B0000FCEEE66AC0ED026A5DF8044B704707EEC2
:108B100010CAF8EE476A9FED226A86EE267A1B4B52
:108B20009B6BC3F3080306EE903AF8EE666A9FED7E
:108B3000196A67EE867A76EEA77AF7EE006A77EE24
:108B4000A67A27EE277AAFE707EE10CAF8EE476A53
:108B50009FED126A86EE267A0C4B9B6BC3F30803DB
:108B600006EE903AF8EE666A9FED0A6A67EE867A3C
:108B700076EEA77AF7EE006A77EEA67A27EE277AE6
:108B800092E70023036043608360BDE7004402581E
:108B90000090D003000000390024744C0024744A73
:108BA000001BB74B10B4794B9A6A9C6AC4F3055CFE
:108BB000D96AC1F300215B6CC3F3CC0301FB03F35F
:108BC00014F07C7F00F0DD8002F0030207EE903AA3
:108BD000F8EE677A012A4BD0022A00F09880002A2A
:108BE00040F0B280694B1B6813F0200F23D0674917
:108BF0000A68C2F3C102664BD34007EE103AF8EEA2
:108C0000476A07EE10CAB8EE476A86EE867A0B6CA2
:108C1000C3F3080306EE903AF8EE666A9FED5D6ACC
:108C200067EE867A76EEA77AF7EE006A77EEA67A96
:108C300027EE277A38E007EE10CAF8EE476A9FED74
:108C4000566A86EE267A514B1B6CC3F3080306EE78
:108C5000903AF8EE666A9FED4F6A67EE867A76EE96
:108C6000A77AF7EE006A77EEA67A27EE277A1BE05E
:108C700007EE10CAF8EE476A9FED486A86EE267A3C
:108C8000424B1B6CC3F3080306EE903AF8EE666A9B
:108C90009FED406A67EE867A76EEA77AF7EE006A75
:108CA00077EEA67A27EE277A384A136CC3F3462369
:108CB00007EE903AF8EE677AF7EE006A77EEA67A5A
:108CC00087EE276ABCEEC66A80ED006A136CC3F3B8
:108CD000064307EE903AF8EE677A77EEA67A87EECB
:108CE000276ABCEEC66A80ED016A136CC3F30663A3
:108CF00007EE903AF8EE677A77EEA67AC7EE276A23
:108D0000FCEEE66AC0ED026A5DF8044B704707EEC0
:108D100010CAF8EE476A9FED226A86EE267A1B4B50
:108D20001B6CC3F3080306EE903AF8EE666A9FEDFB
:108D3000196A67EE867A76EEA77AF7EE006A77EE22
:108D4000A67A27EE277AAFE707EE10CAF8EE476A51
:108D50009FED126A86EE267A0C4B1B6CC3F3080358
:108D600006EE903AF8EE666A9FED0A6A67EE867A3A
:108D700076EEA77AF7EE006A77EEA67A27EE277AE4
:108D800092E70023036043608360BDE7004402581C
:108D90000090D003000000390024744C0024744A71
:108DA000001BB74B10B402685369916941F0080188
:108DB000916101688A6942F010028A6101680A685B
:108DC00022F001020A6001680C69284A22400A6107
:108DD00001688A6822F440428A6090F88120042A5F
:108DE0000DD013F0200F0AD0D0F8842042F080027A
:108DF000C0F8842001688A6942F020028A6190F8F4
:108E00008120032A0DD013F0400F0AD0D0F884201F
:108E100042F00402C0F8842001688A6942F04002EE
:108E20008A6113F4007F0AD0D0F8842042F0010256
:108E3000C0F8842001688A6942F400728A6113F4E0
:108E4000807F0AD0D0F8843043F00803C0F8843023
:108E50000268936943F4807393610023A0F8623041
:108E6000A0F86A305DF8044B704700BF90FCFFFF2C
:108E7000C36B5B09C0680830C00803FB0000704783
:108E80002DE9F84380460F4616461D46DDF8209032
:108E900000E0BDB1D8F800305C6937EA04040CBFCB
:108EA00001230023B3420AD1FAF7D2FFA0EB090055
:108EB000A842EED3B5F1FF3FEBD0032000E0002045
:108EC000BDE8F8830320FBE7002800F0B78070B509
:108ED00004460023836205685C4B5D4E9D4218BFCB
:108EE000B54214BF0126002607D0A3F574439D4266
:108EF00003D0C3680F2B00F2A3802046FFF7B8FF12
:108F00002EB1544B9D4202D0082800F29B804F4A5C
:108F10004F4B9D4218BF954203D003F580639D429D
:108F200002D1102800F2908094F88130F3B102232E
:108F300084F881302268136823F0010313602368EA
:108F40009A6802F4F812A169B1F1806F14D06368D5
:108F500013F4800F23D0E368062B20D921680B6817
:108F600023F48073206D03430B601DE084F8803090
:108F70002046F9F71DF9DAE76168B1F5800F06D0F0
:108F80000029E4D1A16BB1F1805FE0D102E0A06BD8
:108F90000028F5D1196841F480511960D7E721689C
:108FA0000B6823F480730B60E369A16A0B431343DE
:108FB000E26B1343E16822680B439360636B626A60
:108FC0001343A26B1343A2691343226913436269DB
:108FD0001343226A134362681343E26C1343A2688B
:108FE0001343A26C1343A16D22680B43D3606368E3
:108FF0006BB92268936823F4C05343F40063936011
:109000002268936823F4C06343F48063936022680A
:10901000136D23F001031365636813F4800F06D00A
:109020002268D36823F00043616D0B43D3600020B6
:10903000C4F88400012384F8813070BD012070479A
:109040000120FAE70120F8E70120F6E700300140AF
:1090500000380040003C00402DE9F04782B0044653
:109060008A4691461D46D0F80080FAF7F1FE94F842
:109070008130012B40F049810646DFB2B9F1000F83
:1090800018BFBAF1000F00F0418194F88030012B35
:1090900000F04081012384F88030032384F881307C
:1090A0000023C4F88430C4F85CA0A4F86090A4F84D
:1090B00062906366A4F86830A4F86A306367236737
:1090C000A368B3F5C02F1CD02268D36823F4C02353
:1090D00043F40033D360226853686FF30F0349EA07
:1090E000030353602268136843F00103136063684D
:1090F000B3F5800F0BD0E3680F2B1BD8072B4DD88F
:10910000ACE02268136843F400631360E3E722686D
:10911000136843F400731360EDE7E26D12681A629E
:10912000E36D0433E365B4F8622092B2013A92B27F
:10913000A4F86220B4F862309BB2002B00F0C98022
:1091400023685A6912F0020FE7D1FAF781FE801BFB
:10915000A84202D3B5F1FF3F01D1002DEAD120464C
:10916000FFF720FED4F8843043F48073C4F88430D1
:10917000012384F88130002384F880300327C5E080
:10918000E36D1B88A8F82030E36D0233E365B4F883
:1091900062309BB2013B9BB2A4F86230B4F86230FB
:1091A0009BB2002B00F095802268536913F0020FE8
:1091B00015D0B4F862309BB2012BE1D9E36B002BE0
:1091C000DED0E36D1B681362E36D0433E365B4F82E
:1091D00062309BB2023B9BB2A4F86230DEE7FAF742
:1091E00037FE801BA84202D3B5F1FF3F01D1002D0D
:1091F000D4D12046FFF7D6FDD4F8843043F48073F1
:10920000C4F88430012384F88130002384F880304E
:1092100003277BE0B4F862309BB2012B10D9E36BDB
:1092200073B1E36D1B88A8F82030E36D0233E3656A
:10923000B4F862309BB2023B9BB2A4F862300DE0FE
:10924000E36D1B7882F82030E36D0133E365B4F8F9
:1092500062309BB2013B9BB2A4F86230B4F862303A
:109260009BB2002B35D02268536913F0020F15D042
:10927000B4F862309BB2032BCCD9E36B402BC9D935
:10928000E36D1B681362E36D0433E365B4F8623089
:109290009BB2043B9BB2A4F86230DFE7FAF7D8FD3B
:1092A000801BA84202D3B5F1FF3F01D1002DD5D1DB
:1092B0002046FFF777FDD4F8843043F48073C4F878
:1092C0008430012384F88130002384F88030032720
:1092D0001CE000962B46002208212046FFF7D0FD17
:1092E00028B1D4F8843043F02003C4F884302046F9
:1092F000FFF758FD012384F88130002384F8803083
:10930000D4F8843013B9002700E00227384602B0B1
:10931000BDE8F0870227F9E7F0B4026A036A23F098
:1093200001030362466884691E4B23400D681D4398
:1093300022F002028B6813431B4A1C4CA04218BF48
:1093400090420CBF012200220CD004F58044A042C0
:1093500014BF00240124164FB84203D014B9154C91
:10936000A04205D123F00803CC68234323F0040373
:109370005AB9114A904214BF002201220C4CA0425B
:1093800003D012B90B4A904205D126F440764A69BF
:1093900032438E691643466085614A6842630362C0
:1093A000F0BC70478CFFFEFF00000140000401404C
:1093B00000400140004801400044014070B4036A8D
:1093C000026A22F4807202624568C4691A4A224025
:1093D0000E68164323F400738A6843EA0223174A8F
:1093E000174CA04218BF90420CBF0122002206D1A8
:1093F00023F40063CC6843EA042323F480635AB95E
:10940000104A904214BF002201220F4CA04203D008
:1094100012B90E4A904207D125F440524C6942EAF3
:1094200004128C6942EA04154560C6614A68C26349
:10943000036270BC704700BF8CFFFEFF000001405C
:109440000004014000440140004001400048014048
:1094500070B4036A026A22F4805202624468C569E9
:10946000144A2A400D6842EA052223F400538D680D
:1094700043EA0533104E114DA84218BFB0420DD03B
:1094800005F58045A84214BF0025012506F5804654
:10949000B04203D015B90A4DA84204D124F4804447
:1094A0004D6944EA85144460C2614A6802640362FB
:1094B00070BC7047FF8CFFFE0000014000040140BB
:1094C0000048014070B4036A026A22F480320262EA
:1094D0004268456D144E2E400D682E4323F4003330
:1094E0008C6843EA0443114D114CA04218BFA842B6
:1094F0000DD004F58044A04214BF0024012405F5DA
:109500008045A84203D014B90A4CA04204D122F4E9
:1095100080324C6942EA0422426046654A688265AC
:10952000036270BC704700BF8FFFFEFF0000014068
:10953000000401400048014070B4036A026A22F44A
:10954000801202624468456D144A2A400D6842EA5E
:10955000052223F400138D6843EA0553104E114D84
:10956000A84218BFB0420DD005F58045A84214BFEF
:109570000025012506F58046B04203D015B90A4DF5
:10958000A84204D124F480244D6944EA852444602F
:1095900042654A68C265036270BC7047FF8FFFFE78
:1095A00000000140000401400048014070470000F5
:1095B00090F83D30012B42D1022380F83D30026803
:1095C000D36843F00103D36003681F4AB3F1804FAF
:1095D00018BF934225D0A2F57C42934221D002F5D8
:1095E000806293421DD002F58062934219D002F549
:1095F0007842934215D0A2F56C42934211D002F505
:10960000943293420DD0A2F5C042934209D002F5A4
:109610008062934205D01A6842F001021A6000206D
:1096200070479968094A0A40062A18BFB2F5803F78
:1096300007D01A6842F001021A600020704701202A
:1096400070470020704700BF000001400700010084
:10965000704770477047704770B504460368DE680E
:109660001D6915F0020F10D016F0020F0DD06FF02B
:1096700002021A610123037703689B6913F0030F49
:1096800064D0FFF7E6FF0023237715F0040F12D014
:1096900016F0040F0FD023686FF004021A61022342
:1096A000237723689B6913F4407F55D02046FFF74A
:1096B000D0FF0023237715F0080F12D016F0080F03
:1096C0000FD023686FF008021A6104232377236800
:1096D000DB6913F0030F46D02046FFF7BAFF0023E3
:1096E000237715F0100F12D016F0100F0FD023684B
:1096F0006FF010021A61082323772368DB6913F4E3
:10970000407F37D02046FFF7A4FF0023237715F0D2
:10971000010F02D016F0010F33D115F4025F02D011
:1097200016F0800F35D115F4807F02D016F0800F2F
:1097300037D115F0400F02D016F0400F39D115F097
:10974000200F02D016F0200F3BD170BDFFF780FF35
:109750002046FFF77FFF96E72046FFF779FF204678
:10976000FFF778FFA5E72046FFF772FF2046FFF7D7
:1097700071FFB4E72046FFF76BFF2046FFF76AFF53
:10978000C3E723686FF001021A612046F8F75EFC18
:10979000C3E723686FF402521A61204600F011FB00
:1097A000C1E723686FF480721A61204600F00AFB5B
:1097B000BFE723686FF040021A612046FFF74BFFB6
:1097C000BDE723686FF020021A61204600F0F8FA26
:1097D000BBE7000070B403683E4A904214BF002209
:1097E0000122B0F1804F14BF144642F00104ACB91D
:1097F000394DA84214BF00250125384EB0420DD086
:1098000065B905F1804505F58235A84214BF0025EC
:10981000012506F50066B04200D01DB123F07003AB
:109820004D682B4364BB2C4CA04214BF0024012480
:109830002A4DA84224D01CBB04F1804404F5823494
:10984000A04214BF0024012405F50065A84217D0EA
:10985000B4B9234CA04214BF0024012405F59A3565
:10986000A8420DD064B91F4CA04214BF00240124AB
:1098700005F50065A84203D014B91B4CA04203D1E2
:1098800023F44073CC68234323F080034C692343C3
:109890008C68C4620C688462144CA04208BF42F019
:1098A000010262B90E4A904214BF0022012204F55F
:1098B0007054A04203D012B90D4A904201D10A69F6
:1098C0000263026842F00402026001224261036006
:1098D00070BC7047000001400008004000040040D8
:1098E0000044014000E0004000E40040000401406A
:1098F0000048014060B310B5044690F83D3013B302
:10990000022384F83D30214651F8040BFFF762FF33
:10991000012384F8483084F83E3084F83F3084F8DE
:10992000403084F8413084F8423084F8433084F881
:10993000443084F8453084F8463084F8473084F861
:109940003D30002010BD80F83C30FFF72FFED7E7F8
:109950000120704760B310B5044690F83D3013B352
:10996000022384F83D30214651F8040BFFF732FF03
:10997000012384F8483084F83E3084F83F3084F87E
:10998000403084F8413084F8423084F8433084F821
:10999000443084F8453084F8463084F8473084F801
:1099A0003D30002010BD80F83C30F8F7F9FDD7E7D6
:1099B0000120704770B4036A026A22F0100202624A
:1099C000456884691A4E26400C6846EA042623F04E
:1099D00020038A6843EA0213164A174CA04218BFB4
:1099E00090420CBF0122002206D123F08003CC68F4
:1099F00043EA041323F040035AB9104A904214BFBB
:109A0000002201220E4CA04203D012B90D4A90420E
:109A100007D125F4406C4A694CEA820C8A694CEA09
:109A20008205456086614A688263036270BC704744
:109A3000FF8CFFFE00000140000401400044014093
:109A4000004001400048014038B590F83C30012BFF
:109A500000F0958004460D46012380F83C30142A1E
:109A600000F28880DFE802F00B8686861F868686F5
:109A700034868686488686865D868686710000687E
:109A8000FFF74AFC2268936943F008039361226858
:109A9000936923F0040393612268936929690B4356
:109AA0009361002067E00068FFF784FF22689369F4
:109AB00043F4006393612268936923F480639361A4
:109AC00022689369296943EA01239361002052E0E7
:109AD0000068FFF773FC2268D36943F00803D36181
:109AE0002268D36923F00403D3612268D36929690A
:109AF0000B43D36100203EE00068FFF7A9FC226819
:109B0000D36943F40063D3612268D36923F480638B
:109B1000D3612268D369296943EA0123D361002014
:109B200029E00068FFF7CEFC2268536D43F008037C
:109B300053652268536D23F0040353652268536D07
:109B400029690B435365002015E00068FFF7F4FC1A
:109B50002268536D43F4006353652268536D23F408
:109B6000806353652268536D296943EA0123536575
:109B7000002000E00120002384F83C3038BD0220A2
:109B8000FCE701F01F014FF0010C0CFA01FC036A25
:109B900023EA0C030362036A8A401343036270479B
:109BA00010B50446102928D8DFE801F00927272737
:109BB0000F272727152727271B272727210090F85E
:109BC0003E30013B18BF01231CE090F83F30013BC1
:109BD00018BF012316E090F84030013B18BF012365
:109BE00010E090F84130013B18BF01230AE090F8E3
:109BF0004230013B18BF012304E090F84330013BA1
:109C000018BF0123002B79D110291ED8DFE801F0FD
:109C1000091D1D1D0D1D1D1D111D1D1D151D1D1DAC
:109C20001900022384F83E3012E0022384F83F300A
:109C30000EE0022384F840300AE0022384F8413029
:109C400006E0022384F8423002E0022384F8433025
:109C500001222068FFF795FF23682A492A4A934288
:109C600018BF8B420BD002F57052934207D002F519
:109C70008062934203D002F58062934203D15A6C12
:109C800042F400425A6422681E4BB2F1804F18BF62
:109C90009A4225D0A3F57C439A4221D003F58063F4
:109CA0009A421DD003F580639A4219D003F5784398
:109CB0009A4215D0A3F56C439A4211D003F5943320
:109CC0009A420DD0A3F5C0439A4209D003F58063B0
:109CD0009A4205D0136843F00103136000200EE0A0
:109CE00091680A4B0B40062B18BFB3F5803F07D095
:109CF000136843F001031360002000E0012010BD51
:109D00000020FCE7000001400004014007000100C2
:109D100090F83C20012A4DD070B40346012280F80F
:109D20003C20022280F83D20026850689468224E50
:109D3000224DAA4218BFB24203D120F470004D68F0
:109D4000284320F070000D68284350601A681A48B4
:109D5000B2F1804F18BF82421FD0A0F57C408242F2
:109D60001BD000F58060824217D000F580608242EF
:109D700013D000F5784082420FD0A0F56C408242AB
:109D80000BD000F59430824207D0A0F5C04082424B
:109D900003D000F58060824204D124F080048968F9
:109DA00021439160012283F83D20002083F83C008C
:109DB00070BC704702207047000001400004014061
:109DC000704770477047026852E8003F23F0C003B5
:109DD00042E800310029F6D1026802F1080353E895
:109DE000003F23F40003083242E800310029F3D198
:109DF0002023C0F888307047026852E8003F23F4FF
:109E0000907342E800310029F6D1026802F108039C
:109E100053E8001F0D4B0B40083242E80031002987
:109E2000F3D1C36E012B06D02023C0F88C30002361
:109E3000C36643677047026852E8003F23F010038F
:109E400042E800310029F6D1EEE700BFFEFFFFEF48
:109E5000704708B5026852E8003F23F0400342E82B
:109E600000310029F6D12023C0F888300023836711
:109E7000FFF7EEFF08BD70477047704738B5846B39
:109E8000D4F88820D4F88C5023689B6813F0800F96
:109E900001D0212A10D023689B6813F0400F01D015
:109EA000222D10D0D4F8903043F01003C4F8903035
:109EB0002046FFF7E2FF38BD0023A4F856302046C5
:109EC000FFF781FFE7E70023A4F85E302046FFF7A5
:109ED00093FFE7E708B5806B0023A0F85E30FFF73B
:109EE000CCFF08BD70B504460268D369106891685C
:109EF00040F60F0C13EA0C0F0DD113F0200F10D009
:109F000010F0200F02D111F0805F0AD0636F93B37D
:109F1000204698472FE0884D0D402DD1874E304286
:109F20002AD1E56E012D00F0C08013F4801F03D00C
:109F300011F4800F40F0A28113F0800F07D010F0D1
:109F4000800F40F0A28111F4000F40F09E8113F0C9
:109F5000400F03D010F0400F40F09E8113F4000F2B
:109F600003D010F0804F40F09B8113F0807F02D02F
:109F70000028C0F2998170BD13F0010F09D010F4D0
:109F8000807F06D001261662D4F890203243C4F8B0
:109F9000902013F0020F0BD011F0010F08D02268AF
:109FA00002261662D4F8902042F00402C4F89020F1
:109FB00013F0040F0BD011F0010F08D02268042613
:109FC0001662D4F8902042F00202C4F8902013F0F8
:109FD000080F0BD010F0200F00D13DB122680825EA
:109FE0001562D4F890202A43C4F8902013F4006F2F
:109FF0000CD010F0806F09D022684FF40065156214
:10A00000D4F8902042F02002C4F89020D4F8902098
:10A01000002AB0D013F0200F09D010F0200F02D189
:10A0200011F0805F03D0636F0BB120469847D4F8DE
:10A03000902023689B6813F0400F02D112F0280F84
:10A040002CD02046FFF7D8FE23689B6813F0400F02
:10A0500020D0226802F1080353E8003F23F04003B8
:10A06000083242E800310029F3D1D4F880306BB1D6
:10A07000334A1A65D4F88000FAF730FE00283FF41E
:10A080007AAFD4F88000036D984774E72046FFF755
:10A09000F4FE70E72046FFF7F0FE6CE72046FFF77E
:10A0A000ECFE0023C4F8903065E713F0100F3FF486
:10A0B0003CAF10F0100F3FF438AF10231362236849
:10A0C0009B6813F0400F00F09F80D4F88020136845
:10A0D0001C481D498B4218BF834237D018318B4230
:10A0E00034D018318B4231D018318B422ED01831F8
:10A0F0008B422BD018318B4228D018318B4225D07F
:10A1000001F556718B4221D018318B421ED0183187
:10A110008B421BD018318B4218D018318B4215D08E
:10A1200018318B4212D018318B420FD018318B422C
:10A130000CD05B689BB20BE0010000102001000412
:10A14000D59E000810000240280002405B689BB2C8
:10A15000002B49D0B4F85C10994245D9A4F85E3080
:10A16000D369B3F5807F32D0226852E8003F23F4F0
:10A17000807342E800310029F6D1226802F1080319
:10A1800053E8003F23F00103083242E80031002980
:10A19000F3D1226802F1080353E8003F23F04003A3
:10A1A000083242E800310029F3D12023C4F88C3072
:10A1B0000023E366226852E8003F23F0100342E8E0
:10A1C00000310029F6D1D4F88000FAF7E9FB022328
:10A1D0002367B4F85C10B4F85E309BB2C91A89B238
:10A1E0002046F7F75FFCC6E6B4F85C1099427FF4AE
:10A1F000C2AED369B3F5807F7FF4BDAE022323677F
:10A200002046F7F74FFCB6E6B4F85C10B4F85E30C1
:10A210009BB2C91A89B2B4F85E309BB2002B3FF4EE
:10A22000AAAE00293FF4A7AE226852E8003F23F40B
:10A23000907342E800300028F6D1226802F108034A
:10A2400053E8000F1A4B0340083242E80030002860
:10A25000F3D12023C4F88C300023E36663672268BF
:10A2600052E8003F23F0100342E800300028F6D106
:10A27000022323672046F7F715FC7CE64FF4801392
:10A280001362204600F09AFD75E6A36F002B3FF4A1
:10A2900072AE204698476EE62046FFF7DAFD6AE682
:10A2A000204600F08DFD66E6204600F088FD62E65F
:10A2B000FEFFFFEF08B5806B01230367C36E012B20
:10A2C00002D0FFF7D9FD08BDB0F85C104908F7F7D8
:10A2D000E9FBF8E708B50346806BDB69B3F5807FDF
:10A2E00029D00023A0F85E30026852E8003F23F432
:10A2F000807342E800310029F6D1026802F10803B8
:10A3000053E8003F23F00103083242E800310029FE
:10A31000F3D1026802F1080353E8003F23F0400341
:10A32000083242E800310029F3D12023C0F88C30F4
:10A33000C36E012B07D000230367C36E012B0CD023
:10A34000FFF799FD08BD026852E8003F23F01003B3
:10A3500042E800310029F6D1EDE7B0F85C10F7F7DC
:10A36000A1FBEFE770B586B004468368026913432A
:10A3700042691343C269134301680868904A024066
:10A380001A430A602268536823F44053E1680B4380
:10A390005360A16922688B4B9A4201D0236A19430A
:10A3A0009068894B03400B4393602268D36A23F083
:10A3B0000F03616A0B43D3622368844A934229D016
:10A3C000834A934200F09480824A934200F0AA802C
:10A3D000814A934200F0C080804A934200F0D680C8
:10A3E0007F4A934200F008817E4A934200F02D811B
:10A3F0007D4A934200F040817C4A934200F05381B1
:10A400007B4A934200F078816E4A934200F09D812E
:10A4100080223BE0774A526D02F03802282A34D875
:10A42000DFE812F02900330033003300330033003B
:10A4300033003300AB01330033003300330033000B
:10A44000330033002B00330033003300330033007C
:10A45000330033002D00330033003300330033006A
:10A46000330033002F003300330033003300330058
:10A47000330033003100012208E0082206E01022F8
:10A4800004E0202202E0402200E080224D498B427D
:10A4900000F08C81E069B0F5004F00F00282202AC4
:10A4A00000F25A82202A00F2A482DFE812F0710240
:10A4B0007702A202A2027A02A202A202A2027F02F2
:10A4C000A202A202A202A202A202A202A20284028A
:10A4D000A202A202A202A202A202A202A202A2025C
:10A4E000A202A202A202A202A202A202A20290025E
:10A4F000404A526D02F00702052A11D8DFE812F037
:10A5000006003F0108000A000C000E000022BDE713
:10A510000822BBE71022B9E72022B7E74022B5E7BF
:10A520008022B3E7334A526D02F00702052A11D8A0
:10A53000DFE812F00600270108000A000C000E00F8
:10A540000022A3E70822A1E710229FE720229DE72F
:10A5500040229BE7802299E7264A526D02F00702CB
:10A56000052A11D8DFE812F006000F0108000A00E2
:10A570000C000E00002289E7082287E7102285E7F9
:10A58000202283E7402281E780227FE7194A526D2B
:10A5900002F00702052A11D8DFE812F00600F700E2
:10A5A00008000A000C000E0000226FE708226DE789
:10A5B00010226BE7202269E7402267E7802265E7E7
:10A5C000F369FFCF000C0058FFF4FF1100100140A9
:10A5D0000044004000480040004C00400050004053
:10A5E0000014014000780040007C00400018014049
:10A5F000001C014000440258694A526D02F03802C2
:10A60000282A20D8DFE802F0151F1F1F1F1F1F1F59
:10A61000C31F1F1F1F1F1F1F171F1F1F1F1F1F1FAE
:10A62000191F1F1F1F1F1F1F1B1F1F1F1F1F1F1F44
:10A630001D0001222AE7082228E7102226E720220F
:10A6400024E7402222E7802220E7554A526D02F09B
:10A650000702052A0ED8DFE802F0039C0507090B64
:10A66000002213E7082211E710220FE720220DE74E
:10A6700040220BE7802209E7494A526D02F00702A7
:10A68000052A0ED8DFE802F003870507090B002230
:10A69000FCE60822FAE61022F8E62022F6E640223E
:10A6A000F4E68022F2E63E4A526D02F03802282A91
:10A6B00020D8DFE802F0151F1F1F1F1F1F1F721F6A
:10A6C0001F1F1F1F1F1F171F1F1F1F1F1F1F191FA8
:10A6D0001F1F1F1F1F1F1B1F1F1F1F1F1F1F1D00AF
:10A6E0000122D3E60822D1E61022CFE62022CDE6D1
:10A6F0004022CBE68022C9E6294A526D02F0380298
:10A70000282A20D8DFE802F0151F1F1F1F1F1F1F58
:10A710004E1F1F1F1F1F1F1F171F1F1F1F1F1F1F22
:10A72000191F1F1F1F1F1F1F1B1F1F1F1F1F1F1F43
:10A730001D000122AAE60822A8E61022A6E6202291
:10A74000A4E64022A2E68022A0E602F50E32926D37
:10A7500002F00702052A0ED8DFE802F003260507FB
:10A76000090B022292E6082290E610228EE62022B1
:10A770008CE640228AE6802288E6042286E60422CD
:10A7800084E6042282E6042280E604227EE6042295
:10A790007CE604227AE6042278E6042276E600BF0C
:10A7A00000440258042271E604226FE6202A27D8CA
:10A7B000022AC0F01081023A1E2A00F20E81DFE860
:10A7C00012F050000C0156000C010C010C015B0052
:10A7D0000C010C010C010C010C010C010C016000BE
:10A7E0000C010C010C010C010C010C010C010C0101
:10A7F0000C010C010C010C010C010C010C016C0092
:10A80000402A2CD14FF40040626A804B33F812206A
:10A81000B0FBF2F3656805EB4501994200F2DF8079
:10A82000B3EB053F00F2DD80002633463146F6F7F4
:10A830006DF9090241EA106100026B08C0182A464E
:10A84000334641F10001F6F761F9A0F54072704B13
:10A850009A4200F2C8802368D8603046CAE00120DE
:10A86000C8E0FEF78DF80028CED10020C2E003A892
:10A87000FEF798F80498F6E76846FEF793F9019812
:10A88000F1E7644B1B6813F0200F08D0614B1B6885
:10A89000C3F3C1036048D840B6E76048B4E75E48F8
:10A8A000B2E7202A15D8202A00F29F80DFE802F0C4
:10A8B00031379D9D3A9D9D9D3F9D9D9D9D9D9D9D5B
:10A8C000449D9D9D9D9D9D9D9D9D9D9D9D9D9D9D11
:10A8D0005000402A1BD1626A4C4B33F81230B0FB57
:10A8E000F3F06268530803EB4003B3FBF2F3A3F108
:10A8F00010014FF6EF72914279D89AB222F00F020E
:10A90000C3F3420313432268D360002072E00120A6
:10A9100070E0FDF7C3F90028DDD100206AE0FDF703
:10A92000CFF9F8E703A8FEF73DF80498F3E7684687
:10A93000FEF738F90198EEE7364B1B6813F0200F4D
:10A9400008D0344B1B68C3F3C1033348D840C2E777
:10A950003248C0E73048BEE7402A17D14FF40040E4
:10A96000626A2A4B33F81230B0FBF3F0636800EBF5
:10A970005300B0FBF3F0A0F110024FF6EF739A42D0
:10A9800042D8236880B2D860002033E0012031E053
:10A99000FDF784F90028E3D100202BE0FDF790F9C2
:10A9A000F8E703A8FDF7FEFF0498F3E76846FEF713
:10A9B000F9F80198EEE7174B1B6813F0200F08D049
:10A9C000144B1B68C3F3C1031348D840C8E71348AE
:10A9D000C6E71148C4E701200CE001200AE001208D
:10A9E00008E0012006E0012004E0012002E001204F
:10A9F00000E001200123A4F86A30A4F868300023A5
:10AA00006367A36706B070BD0120F3E75C1401081B
:10AA1000FFFC0F00004402580090D00300093D00E5
:10AA2000836A13F0080F06D00268536823F40043CA
:10AA3000816B0B435360836A13F0010F06D00268E9
:10AA4000536823F40033C16A0B435360836A13F0E5
:10AA5000020F06D00268536823F48033016B0B4366
:10AA60005360836A13F0040F06D00268536823F41E
:10AA70008023416B0B435360836A13F0100F06D0A1
:10AA80000268936823F48053C16B0B439360836A1D
:10AA900013F0200F06D00268936823F40053016C72
:10AAA0000B439360836A13F0400F0AD00268536827
:10AAB00023F48013416C0B435360436CB3F5801F48
:10AAC0000BD0836A13F0800F06D00268536823F41A
:10AAD0000023C16C0B43536070470268536823F432
:10AAE000C003816C0B435360EBE72DE9F843054647
:10AAF0000E4617469946DDF820802B68DC6936EA59
:10AB000004040CBF01240024BC423AD1B8F1FF3F39
:10AB1000F3D0F9F79DF9A0EB0900404534D8B8F11E
:10AB2000000F33D02B681A6812F0040FE5D0B6F18D
:10AB3000400218BF0122802EDFD0002ADDD0DA6962
:10AB400012F0080F11D1DA6912F4006FD5D04FF46A
:10AB500000621A622846FFF74FF92023C5F89030AB
:10AB6000002385F8843003200CE008241C6228466A
:10AB7000FFF742F9C5F89040002385F884300120A2
:10AB800000E00020BDE8F8830320FBE70320F9E79D
:10AB900030B583B004460023C0F89030F9F758F977
:10ABA00005462268126812F0080F10D123681B684E
:10ABB00013F0040F28D12023C4F88830C4F88C3057
:10ABC0000020E066206784F8840003B030BD6FF099
:10ABD0007E430093034600224FF400112046FFF706
:10ABE00084FF0028E2D0226852E8003F23F080036F
:10ABF00042E800310029F6D12023C4F88830002330
:10AC000084F884300320E0E76FF07E4300932B4606
:10AC100000224FF480012046FFF767FF0028CAD0CA
:10AC2000226852E8003F23F4907342E80031002983
:10AC3000F6D1226802F1080353E8003F23F0010334
:10AC4000083242E800310029F3D12023C4F88C30C7
:10AC5000002384F884300320B7E778B310B50446A6
:10AC6000D0F888300BB32423C4F8883022681368E6
:10AC700023F001031360A36AE3B92046FFF772FBD8
:10AC8000012811D02268536823F49043536022684E
:10AC9000936823F02A0393602268136843F001034A
:10ACA00013602046FFF774FF10BD80F88430F7F77B
:10ACB00075FDD8E72046FFF7B3FEDEE701207047B9
:10ACC00010B5044613468165A0F85C200022C0F848
:10ACD00090202222C0F88C20D0F88020AAB12149EF
:10ACE000D163D0F8802020491164D0F880201F491A
:10ACF000D164D0F88020002111650168826D243173
:10AD0000D0F88000F9F702FD20BB236943B1226827
:10AD100052E8003F43F4807342E800310029F6D145
:10AD2000226802F1080353E8003F43F001030832B0
:10AD300042E800310029F3D1226802F1080353E808
:10AD4000003F43F04003083242E800310029F3D1CC
:10AD5000002010BD1023C4F890302023C4F88C309C
:10AD60000120F6E7D5A20008B5A200087D9E0008E4
:10AD7000436E2BB90123A0F86A30A0F86830704701
:10AD800030B403689A68C2F342629968490F094D6A
:10AD90006B5C1B01084C615C93FBF1F3A0F86A301B
:10ADA000AB5C1B01A25C93FBF2F3A0F8683030BCF3
:10ADB000704700BF7C140108741401087047704785
:10ADC000704790F88430012B18D0012380F884302C
:10ADD0002423C0F8883003681A68196821F001013B
:10ADE000196022F000520023436601680A602022A5
:10ADF000C0F8882080F884301846704702207047D9
:10AE000038B590F88430012B1DD00446012380F81A
:10AE100084302423C0F8883003681D681A6822F043
:10AE200001021A600268936823F06043194391603D
:10AE3000FFF79EFF23681D602023C4F888300020A0
:10AE400084F8840038BD0220FCE738B590F88430DF
:10AE5000012B1DD00446012380F884302423C0F840
:10AE6000883003681D681A6822F001021A600268BF
:10AE7000936823F0606319439160FFF779FF2368BB
:10AE80001D602023C4F88830002084F8840038BD79
:10AE90000220FCE7D0F88C30202B21D110B50446DD
:10AEA000002A18BF002901D1012010BD0123C3666B
:10AEB00000230367FFF704FF0028F6D1E36E012BA0
:10AEC00001D00120F1E7236810221A62226852E8BB
:10AED000003F43F0100342E800310029F6D1E4E7D7
:10AEE0000220704782B000230193019B013301933C
:10AEF000019BB3F1706F15D80369002BF5DA0023BD
:10AF00000193036943F001030361019B0133019342
:10AF1000019BB3F1706F08D8036913F0010FF4D1EE
:10AF2000002000E0032002B070470320FBE7000090
:10AF300084B010B5044603A880E80E009DF81130D7
:10AF4000012B1FD1A36B23F48033A363E2681F4B53
:10AF50001340E360E36823F44013E3609DF8183086
:10AF6000012B0AD02046FFF7BDFF9DF80E30012BC4
:10AF70001CD0BDE8104004B07047E36843F4801370
:10AF8000E360EFE7E36843F04003E3602046FFF748
:10AF9000A9FF9DF8153023B9A36B43F48033A36355
:10AFA000E3E7A36B23F48033A363DEE7E36D9BB297
:10AFB000E365E26D064B1343E365A36843F00603C4
:10AFC000A360A36843F02003A360D2E7BFFFBDFFE7
:10AFD0000000EE03022A0AD00922C36823F470534A
:10AFE000C360C36843EA8223C36000207047204BDC
:10AFF0000B44204A934229D91F4B0B441F4A9342CA
:10B0000026D91F4B0B441F4A934223D91E4B0B4496
:10B010001E4A934220D31E4B0B441E4A93421DD915
:10B020001D4B0B441D4A93421AD31D4B0B441D4A22
:10B03000934217D31C4B0B441C4A934214D31C4B12
:10B040000B441C4A934211D20722C6E70F22C4E7E1
:10B050000E22C2E70D22C0E70C22BEE70B22BCE79E
:10B060000A22BAE70922B8E70822B6E70622B4E7BF
:10B07000405327FFFF340C00401E1BFF3F420F00D0
:10B0800000DC0BFF7F4F1200808CF9FE20D61300EE
:10B0900060B6E5FE5FE3160000D3CEFE40771B00EE
:10B0A000C05BB3FEC091210000CA91FE207538003C
:10B0B000E05459FEE09C4100836843F00103836043
:10B0C00000207047836823F00103836000207047ED
:10B0D00082B000230193019B01330193019BB3F1E3
:10B0E000706F15D80369002BF5DA002301938901ED
:10B0F00041F020010161019B01330193019BB3F1F8
:10B10000706F08D8036913F0200FF4D1002000E01D
:10B11000032002B070470320FBE782B000230193B5
:10B12000019B01330193019BB3F1706F13D8036945
:10B13000002BF5DA0023019310230361019B0133F7
:10B140000193019BB3F1706F08D8036913F0100FDE
:10B15000F4D1002000E0032002B070470320FBE799
:10B16000D0F800381943C0F80018002070470000DC
:10B1700084B0F8B5044607A880E80E00002306E076
:10B1800003F1400204EB82020021516001330E2BD7
:10B19000F6D99DF8266006BBD4F8043843F00203C4
:10B1A000C4F80438A36B23F40013A363236843F0AB
:10B1B00040032360236843F0800323600023C4F826
:10B1C000003E9DF82130012B11D19DF81F304BB965
:10B1D00000212046FFF7C4FF0DE0A36B43F40013EA
:10B1E000A363EBE701212046FFF7BAFF03E0032149
:10B1F0002046FFF7B5FF10212046FFF769FF0546FF
:10B2000000B101252046FFF788FF00B1012504F5B4
:10B21000006C0023CCF81030CCF81430CCF81C3083
:10B220000DE04FF09040C2F8000902E00020C2F8A3
:10B23000000900220A614FF67F328A6001339DF8CF
:10B240001C1099420ED904EB431202F51061D2F89A
:10B2500000090028EADA002BE3D14FF00060C2F8C1
:10B260000009E6E700230AE0BBB14FF09047C2F8BF
:10B27000007B002202614FF67F32826001339942E7
:10B2800010D904EB431202F53060D2F8007B002F96
:10B29000EADB0027C2F8007BEBE74FF00067C2F85B
:10B2A000007BE6E7DCF8103023F48073CCF8103034
:10B2B0000023A3616FF0804363619DF81E301BB9CA
:10B2C000A36943F01003A361A2690B4B1343A3616D
:10B2D0009DF822301BB1A36943F00803A361012E3E
:10B2E00004D02846BDE8F84004B07047A269034B7B
:10B2F0001343A361F5E700BF00383C800400004021
:10B30000D0F8083803F00603022B04D0062B04D033
:10B310002BB90020704702207047022070470F2091
:10B320007047000010B591F800C04B78012B21D078
:10B3300000F5006ED0F81C380CF00F040122A2407A
:10B3400043EA0243C0F81C3800EB4C10D0F8003B35
:10B3500013F4004F0CD1D0F8002B8B68C3F30A0311
:10B36000097943EA81431A43134B1343C0F8003B66
:10B37000002010BDD0F81C280CF00F0E03FA0EF3BD
:10B380009BB21343C0F81C3800EB4C10D0F80039C6
:10B3900013F4004FECD1D0F800298B68C3F30A03F3
:10B3A000097943EA814343EA8C531A43024B13431E
:10B3B000C0F80039DCE700BF0080001030B40B7823
:10B3C0004A78012A26D000EB4313D3F8002B002A39
:10B3D00052DBD0F83C480A7802F00F024FF0010C23
:10B3E0000CFA02F224EA0242C0F83C28D0F81C28E9
:10B3F000097801F00F010CFA01FC22EA0C42C0F8B6
:10B400001C28D3F8001B234A0A40C3F8002B002055
:10B4100030BC704700EB4313D3F80029002A1EDB31
:10B42000D0F83C580A7802F00F02012404FA02F224
:10B4300092B225EA0202C0F83C28D0F81C2809780C
:10B4400001F00F018C40A4B222EA0402C0F81C28CB
:10B45000D3F80019104A0A40C3F80029D7E7D3F8F7
:10B46000002942F00062C3F80029D3F8002942F015
:10B470008042C3F80029D3E7D3F8002B42F00062E2
:10B48000C3F8002BD3F8002B42F08042C3F8002B06
:10B490009FE700BF0078F3EF007833EC10B483B07F
:10B4A000024600230193487801280BD00B7802EB69
:10B4B0004313D3F8000B00282DDB002003B05DF808
:10B4C000044B70470B7802EB4313D3F80049002C70
:10B4D00001DB0020F2E7D3F8004944F00064C3F830
:10B4E00000490B7802EB4313D3F8004944F0804441
:10B4F000C3F80049019B01330193019C42F2107390
:10B500009C42DBD80B7802EB4313D3F80039002BB5
:10B51000F0DB0020D2E7D3F8000B40F00060C3F866
:10B52000000B0B7802EB4313D3F8000B40F0804084
:10B53000C3F8000B019B01330193019842F2107391
:10B54000984208D80B7802EB4313D3F8003B002B4A
:10B55000F0DB0020B2E70120B0E710B59DF808400D
:10B5600084B903334FEA930E4FF0000C08E000EB70
:10B57000023303F5805351F8044B1C600CF1010CAD
:10B58000F445F4D3002010BDF0B583B00C784B78AF
:10B59000012B2DD000EB441C0CF530631D696FF3BB
:10B5A00012051D611D696FF3DC451D61002C40F023
:10B5B000CE800C690CB18C680C618C680C621D69C2
:10B5C000C4F312042C431C611C6944F400241C6164
:10B5D000012A00F0DF800B79012B00F0E180DCF81C
:10B5E000003B43F00443CCF8003B002003B0F0BD27
:10B5F0000B6973BB00EB4413D3F810596FF3DC45B0
:10B60000C3F81059D3F8105945F40025C3F8105960
:10B61000D3F810596FF31205C3F81059012A54D00A
:10B6200000EB4414D4F8003943F00443C4F8003963
:10B630000B79012B72D00B69002BD6D0D0F834389F
:10B64000097801F00F0101228A401343C0F8343811
:10B65000CBE700EB441303F510631D696FF312058C
:10B660001D611D696FF3DC451D6184B90E698D682C
:10B67000AE4200D90D611D6945F400251D611D69AB
:10B680000E69C6F3120C45EA0C051D61C6E70D698B
:10B690008E683544013DB5FBF6F51E691FFA85FC41
:10B6A000494F07EAC54535431D610D79012DE6D1A6
:10B6B0001D6925F0C0451D611D694FEA4C7C0CF0E9
:10B6C000C04C45EA0C051D61D9E7CB691BB100EB05
:10B6D0004412C2F814390B79012B08D000EB441442
:10B6E000D4F8003943F00443C4F800397DE7D0F8BA
:10B6F000083813F4807F08D100EB4412D2F80039E7
:10B7000043F00053C2F80039E8E700EB4412D2F8E6
:10B71000003943F08053C2F80039DFE7D0F8083829
:10B7200013F4807F0CD1D4F8003943F00053C4F8EF
:10B73000003900920B8A0A78C968FFF70EFF54E7B8
:10B74000D4F8003943F08053C4F80039F1E70C69AC
:10B7500054B91C698D68C5F312052C431C611C6922
:10B7600044F400241C6133E78D682C44013CB4FB95
:10B77000F5F4A4B204FB05F50D621D69124E06EA4C
:10B78000C4442C431C611C690D6AC5F312052C438B
:10B790001C611DE7CA68002A3FF41DAF5A611AE711
:10B7A000D0F8083813F4807F06D1DCF8003B43F072
:10B7B0000053CCF8003B12E7DCF8003B43F0805329
:10B7C000CCF8003B0BE700BF0000F81F10B5844623
:10B7D00008464FEA920E02F00302002305E00CF542
:10B7E0008051096840F8041B01337345F7D37AB1DF
:10B7F0000CF5805CDCF800400021CBB2DB0024FAC1
:10B8000003F300F8013B0131013A92B2002AF4D16E
:10B8100010BD0B784A78012A14D000EB4310D0F801
:10B82000002B002A06DB2BB1D0F8003B23F080432D
:10B83000C0F8003BD0F8003B43F40013C0F8003BD5
:10B840000020704700EB4310D0F80029002A06DBE7
:10B850002BB1D0F8003923F08043C0F80039D0F87C
:10B86000003943F40013C0F80039E9E70B784A784F
:10B87000012A0ED000EB4310D0F8003B23F4001354
:10B88000C0F8003B0B79023BDBB2012B15D900203D
:10B89000704700EB4310D0F8003923F40013C0F8D0
:10B8A00000390B79023BDBB2012BF0D8D0F800391C
:10B8B00043F08053C0F80039E9E7D0F8003B43F08B
:10B8C0008053C0F8003BE2E7D0F8003823F4FE6371
:10B8D000C0F80038D0F80038090101F4FE610B43CC
:10B8E000C0F8003800207047D0F8003E23F0030372
:10B8F000C0F8003ED0F8043823F00203C0F8043842
:10B9000000207047D0F8003E23F00303C0F8003E4B
:10B91000D0F8043843F00203C0F804380020704720
:10B920004269806910407047D0F8183800F500600F
:10B93000C0691840000C7047D0F8183800F5006056
:10B94000C069184080B2704700EB4111D1F8082B54
:10B9500000F50060406910407047D0F81028D0F81A
:10B96000343801F00F0C23FA0CF3DB01DBB2134384
:10B9700000EB411000F51060806818407047406986
:10B9800000F00100704738B50546C36823F0C04396
:10B99000C360012913D019BBC36843F08043C3605F
:10B9A00000240A20F8F75AFA0A342846FFF7E7FF7E
:10B9B00008B1C72CF5D9C82C14D0002038BDC368F5
:10B9C00043F00053C36000240A20F8F747FA0A3412
:10B9D0002846FFF7D4FF0128EDD0C72CF4D9EAE7B9
:10B9E0000120EBE70120E9E7D0F800396FF30A0303
:10B9F000C0F80039D0F8043843F48073C0F8043834
:10BA00000020704710B4046C154B9C4203D9D0F849
:10BA1000003B002B16DB0024C0F8104BD0F8104B75
:10BA200044F40024C0F8104BD0F8104B44F0180434
:10BA3000C0F8104BD0F8104B44F0C044C0F8104B85
:10BA4000012903D000205DF8044B7047C0F8142B87
:10BA5000D0F8003B43F08023C0F8003BF2E700BF82
:10BA60000A30544F31EE607AB4EEC01AF1EE10FA9B
:10BA700006D4F4EEC00AF1EE10FA14DCB0EE401A6F
:10BA800031EE601A012303FA00F0013807EE900A44
:10BA9000F8EEE77A21EE271AC1EE077AFDEEE77A93
:10BAA00017EE900A7047B0EE601AE9E707EE900AC9
:10BAB00070EEC00AF8EEE77A27EEA07A01238B40F9
:10BAC000013B07EE903AF8EEE77AC7EE276A36EECA
:10BAD000800A70472DE9F0472DED048B86B0824631
:10BAE00059EC108B8DED001B90F86830023B042B55
:10BAF00000F28881DFE813F005001C007D0054018E
:10BB00006B01D0E90023C0E902238AED000B404617
:10BB10004946F4F7E1FBDDE90023F4F7BFFECAE98B
:10BB20000C01CAE9180106B0BDEC048BBDE8F08732
:10BB3000D0E90245C0E90445D0E90067C0E90267E1
:10BB40008AED000B0022B94B40464946F4F77CFDD4
:10BB5000CDE902010022B64B30463946F4F774FDB8
:10BB600006460F4602460B46DDE90201F4F7B4FB38
:10BB700002460B4620462946F4F7B0FBCDE9020108
:10BB8000DDE9000102460B46F4F7A8FB02460B462E
:10BB9000CDE90023DDE90201F4F780FECAE90C01DA
:10BBA00022462B4640464946F4F796FBDDE9002342
:10BBB000F4F774FECAE90E0142464B463046394658
:10BBC000F4F78AFB06460F460022984B204629468A
:10BBD000F4F73AFD02460B4630463946F4F77CFB53
:10BBE000DDE90023F4F75AFECAE91001CAE9180199
:10BBF00099E790ED049B80ED069BD0E90267C0E9D0
:10BC0000046790ED008B80ED028B8AED000B002223
:10BC1000884B40464946F4F717FD04460D4600227E
:10BC2000854B51EC180BF4F70FFD02460B462046EE
:10BC30002946F4F751FB04460D4600227F4B30465F
:10BC40003946F4F701FD02460B4620462946F4F733
:10BC500045FB04460D4653EC192B51EC190BF4F738
:10BC60003DFBCDE9020102460B4620462946F4F78A
:10BC700033FB04460D460022714BDDE90001F4F769
:10BC8000E3FCCDE9000102460B4620462946F4F7C5
:10BC900005FECAE90C0142464B4640464946F4F7C8
:10BCA0001DFB04460D460022604B51EC180BF4F7C7
:10BCB000CBFC02460B46CDE9044520462946F4F765
:10BCC0000DFB04460D4600225D4B30463946F4F725
:10BCD000BBFC02460B4620462946F4F7FDFA024615
:10BCE0000B4651EC190BF4F7F9FADDE90023F4F7F0
:10BCF000D5FDCAE90E010022514B51EC180BF4F7A7
:10BD0000A3FC42464B46F4F7E7FA04460D460022F0
:10BD1000464B30463946F4F797FC02460B46204620
:10BD20002946F4F7D9FADDE90223F4F7D5FADDE97B
:10BD3000008942464B46F4F7B1FDCAE910010022E2
:10BD40003E4B51EC180BF4F77FFC02460B46DDE945
:10BD50000401F4F7C1FA04460D460022364B304682
:10BD60003946F4F771FC02460B4620462946F4F7A3
:10BD7000B5FA04460D4600222E4B51EC190BF4F790
:10BD800063FC02460B4620462946F4F7A5FA4246D4
:10BD90004B46F4F783FDCAE91201CAE91801C2E66D
:10BDA000D0E90623C0E90823D0E90423C0E906232B
:10BDB000D0E90223C0E90423D0E90023C0E902232B
:10BDC0008AED000BD0E91423C0E91823ABE6D0E9D3
:10BDD0000823C0E90A23D0E90623C0E90823D0E9F3
:10BDE0000423C0E90623D0E90223C0E90423D0E9F3
:10BDF0000023C0E902238AED000BD0E91623C0E935
:10BE0000182390E6D0E90023C0E902238AED000B55
:10BE100040464946F4F760FADDE90023F4F73EFDB9
:10BE2000CAE90C01CAE918017DE600BF000008401C
:10BE30000000104000002640000032400000224078
:10BE40000000184010B52DED028B044690ED068AD7
:10BE5000B0EEC87ADFED4A7AB4EEE77AF1EE10FA86
:10BE600013DAD0ED077AF0EEE77A9FED457AF4EE3B
:10BE7000C77AF1EE10FA08DAD0ED087AF0EEE77A38
:10BE8000F4EEC77AF1EE10FA15DBD4ED078A94EDE3
:10BE9000080AD4ED027AF0EEE77A20EE670A04F0A1
:10BEA0003FFAF7EE007A77EEC07A68EEA78A38EEAE
:10BEB000288A84ED038AD4ED007A94ED017A77EE36
:10BEC000C77AC4ED027A94ED037A67EE877AC4EDFF
:10BED000107AD4ED116A94ED047A27EE877A76EE23
:10BEE000876A94ED187A94ED176A27EE067A76EE53
:10BEF000876AC4ED116A94ED057A94ED196A37EEFC
:10BF0000C66A27EE067A84ED127A37EEA66A37EE15
:10BF1000067A84ED137A94ED156AF4EEC66AF1EEB2
:10BF200010FA01DD84ED116AD4ED116AB1EE466AB2
:10BF3000F4EEC66AF1EE10FA01D584ED116AD4ED83
:10BF4000146AB4EEE67AF1EE10FA0CDDC4ED166A6E
:10BF5000D4ED166A36EEC77A84ED177AC4ED197AF5
:10BF6000BDEC028B10BDF1EE666AB4EEE67AF1EE3E
:10BF700010FA02D5C4ED166AEAE784ED167AE7E70F
:10BF800017B7D1380023436483640364C3648365B3
:10BF9000704710B5D0F8D43203F1B00250F8224007
:10BFA0008CB100EB820043687BB194F80002FF285B
:10BFB0000DD09B6894F8012221469847FF2384F80E
:10BFC0000032002010BD0320FCE70020FAE700202B
:10BFD000F8E700000A23038000487047D0000024DF
:10BFE000F8B506460F4F8221384600F01DFC054685
:10BFF0000121384600F018FC04468121384600F043
:10C0000013FC0DB11022AA711CB140222271002232
:10C01000627118B1402202710022427143233380C1
:10C020000048F8BD54000024F8B506460F4F8221A1
:10C03000384600F0F9FB05460121384600F0F4FBD4
:10C0400004468121384600F0EFFB0DB11022AA71A1
:10C050001CB1402222710022627118B1402202718B
:10C0600000224271432333800048F8BD540000246D
:10C07000F8B506460F4F8221384600F0D5FB05463D
:10C080000121384600F0D0FB04468121384600F0FB
:10C09000CBFB0DB11022AA711CB100222271022229
:10C0A000627118B10022027102224271432333806F
:10C0B0000048F8BD5400002438B5D0F8D432B0336D
:10C0C00050F8235095B1044603F0BCFCC5F80C02AF
:10C0D000D4F8D432B03304EB83046368DB6805F52D
:10C0E0000371D5F804029847002038BD0320FCE70F
:10C0F00038B5D0F8C852D0F8D432B03350F8234015
:10C1000084B301F00F0303EB830200EB8202926918
:10C110004AB103EBC30C05EB8C05ED69B2FBF5FCF2
:10C1200005FB1C2292B10023C4F81432D0F8D4329B
:10C13000B03300EB830043681B69ABB10A4604F5DA
:10C140000471D4F808029847002038BD03EB83033C
:10C1500000EB830300249C612346224603F0BAFCD3
:10C160002046F2E70320F0E70020EEE7F0B583B0C9
:10C17000D0F8D43203F1B00250F8227000228DF8CA
:10C180000720ADF80420002F78D004460D4609782A
:10C1900011F0600634D0202E69D1EA882AB311F05C
:10C1A000800F0ED16B7887F80032EA883F2A1AD8C0
:10C1B000D2B287F801223946204600F015FF00264A
:10C1C00059E0B03300EB83035B689B6839466878BD
:10C1D0009847EA88072A28BF07223946204600F0F8
:10C1E000EEFE002647E04022E3E7B03300EB830396
:10C1F0005B689B68002229466878984700263AE0E9
:10C200006F780B2F2ED8DFE807F006362D2D2D2D59
:10C210002D2D2D2D152490F89C32032B04D029466A
:10C2200000F03FFB032626E0022201A900F0C7FE32
:10C230003E4620E090F89C32032B04D0294600F0C3
:10C2400030FB032617E001220DF1070100F0B7FED5
:10C2500011E090F89C32032B0DD0294600F021FB11
:10C26000032608E0294600F01CFB032603E02946CC
:10C2700000F017FB0326304603B0F0BD0326FAE7B3
:10C2800038B50446812103F005FC002525870121EE
:10C29000204603F0FFFBA4F878518221204603F0EA
:10C2A000F9FBA4F84C50A4F84E50D4F8D43203F162
:10C2B000B00254F822209AB1B03304EB83035B68D8
:10C2C0005B689847D4F8D432B03354F8230003F0B5
:10C2D000C3FBD4F8D432B03344F82350C4F8BC5272
:10C2E000002038BD70B504464FF4077003F0B0FB72
:10C2F000002849D005464FF40772002103F076FD6F
:10C30000D4F8D432B03344F82350C4F8BC52237C60
:10C31000002B41D14FF4007302228121204603F00B
:10C32000AEFB012626874FF40073022231462046D9
:10C3300003F0A5FBA4F878611023A4F84E3008237D
:10C3400003228221204603F09AFB0123A4F84C30FB
:10C350000026C5F80462D4F8D432B03304EB83036A
:10C360005B681B689847C5F81462C5F81862D5F871
:10C37000042262B3257C1DBB4FF4007301212046CB
:10C3800003F0B0FB284670BDD4F8D432B03300229D
:10C3900044F823200225F5E740230222812120468C
:10C3A00003F06DFB012626874023022231462046FA
:10C3B00003F065FBA4F878611023A4F84E30BEE7C3
:10C3C00040230121204603F08DFB0025DAE70225FA
:10C3D000D8E739B1D0F8D432B03300EB83004160F4
:10C3E0000020704703207047D0F8D432B03350F8A3
:10C3F00023302BB1C3F80812C3F810220020704775
:10C4000003207047D0F8D432B03350F823301BB13A
:10C41000C3F80412002070470320704710B5D0F80D
:10C42000D432B03350F8232092B1047C44B94FF495
:10C430000073D2F80422012103F054FB204610BD02
:10C440004023D2F80422012103F04CFB0024F5E73D
:10C450000324F3E798B108B503460020C3F8B802F7
:10C46000C3F8C402C3F8D00209B1C3F8B412012161
:10C4700083F89C121A70184603F096FA08BD032040
:10C48000704710B582B00023ADF80630B9B104464C
:10C49000C0F8B812D0F8D422CB6A43B1AE3250F80B
:10C4A0002230DB6A0DF106009847C4F8D002D4F8B8
:10C4B000D8320133C4F8D832002002B010BD0320B6
:10C4C000FBE708B503F0D3FA08BD08B5D0F8B832D9
:10C4D00013B11B68984708BD0020FCE708B5D0F8E9
:10C4E000B8325B68984700B908BD0320FCE738B54F
:10C4F000044600F2AA25284600F0BFF90123C4F83B
:10C500009432B4F8B032C4F8983294F8AA1201F018
:10C510001F03012B07D0022B0AD073B929462046EE
:10C5200000F090FB38BD2946204600F0C6FBF9E735
:10C530002946204600F003FCF4E701F08001204684
:10C5400003F0B0FAEEE7F8B50446012380F89C3218
:10C550000023C0F894324360C0F8A43280F8A032BF
:10C56000D0F8B832DBB15B68DBB1002198470746F1
:10C57000C8B9402300221146204603F080FA012664
:10C58000A4F864614025C4F860512B460022802144
:10C59000204603F074FAA68425623846F8BD0027C9
:10C5A000E7E70027E5E70327E3E70174002070478A
:10C5B00090F89C32042B04D090F89C32DBB280F8C7
:10C5C0009D32042380F89C320020704790F89C3202
:10C5D000042B01D00020704790F89D32DBB280F828
:10C5E0009C32F7E708B590F89C32032B01D000206D
:10C5F00008BDD0F8B832002BF9D0DB69002BF6D09B
:10C600009847F4E708B5D0F8D432AE3350F8233069
:10C6100053B190F89C22032A01D0002008BD1B6A68
:10C6200023B198470020F9E70320F7E70020F5E75A
:10C6300008B5D0F8D432AE3350F8233053B190F867
:10C640009C22032A01D0002008BD5B6A23B19847D1
:10C650000020F9E70320F7E70020F5E70020704706
:10C6600008B5012380F89C32D0F8B83223B15B685A
:10C670000179984710B908BD0020FCE70320FAE7CC
:10C68000002070470020704738B504460D46002949
:10C6900041D11346D0F89422032A01D0084638BD70
:10C6A000D0F85C11D0F86021914209D890F8AA32F4
:10C6B00003F01F03012B0ED0022B1AD028460FE0E7
:10C6C000891AC0F85C118A4228BF0A46194600F050
:10C6D0009AFC2846E3E790F8AE12FFF7D1FF18B9AD
:10C6E00094F89C32032B09D0204600F094FC284695
:10C6F000D5E790F8AE12FFF7C5FFF0E700F1AE0303
:10C7000054F823301A69002AEED0C4F8D4021B6909
:10C7100020469847E8E701F07F01FFF7B3FF88B9AB
:10C7200094F89C32032BBAD100F1AE0354F82330B5
:10C730009A69002AB3D0C4F8D4029B6929462046DE
:10C740009847ACE70020AAE738B504460D46002913
:10C750004AD11346D0F89422022A07D094F8A002B6
:10C7600018B1002384F8A032284638BDC269016A96
:10C770008A420DD88A4217D094F89C32032B27D0D6
:10C780008021204603F08EF9204600F04FFCE5E7BB
:10C79000521AC261194600F01FFC00231A461946BE
:10C7A000204603F09FF9D9E783699942E4D8D0F88D
:10C7B00098229342E0D20022114600F00DFC0021A5
:10C7C000C4F898120B460A46204603F08BF9C5E7D9
:10C7D000D4F8B832DA68002AD2D00022C4F8D422C1
:10C7E000DB6820469847CBE741F08001FFF74AFF1E
:10C7F00088B994F89C32032BB7D100F1AE0354F8FA
:10C8000023305A69002AB0D0C4F8D4025B692946A3
:10C8100020469847A9E70020A7E70B880278134431
:10C820000B80037818447047428803789A4218D9DD
:10C8300030B583B004460D46ADF806306388BDF8C8
:10C8400006209A420AD20DF10601FFF7E6FF43786F
:10C85000052BF3D18378AB42F0D100E0002003B088
:10C8600030BD002070470346002002E00130C0B216
:10C8700001331A78002AF9D170470B7803704B788E
:10C8800043708B78CA7843EA022343800B794A7954
:10C8900043EA022383808B79CA7943EA0223C38067
:10C8A000704710B50446802103F0FCF800212046B3
:10C8B00003F0F8F810BD30B583B005460C460023F0
:10C8C000ADF806304A88130A013B0E2B00F2BB80FC
:10C8D000DFE803F0152F43B9B99DAAB9B9B9B9B9C1
:10C8E000B9B90800D0F8B432DB6923B10DF1060103
:10C8F000007C98470AE02146FFF7D3FFA6E0D0F876
:10C90000B4321B680DF10601007C9847E288002ACA
:10C9100000F0A380BDF80630002B00F099809A4209
:10C9200028BF1A46ADF806200146284600F047FB0E
:10C930008CE0037C43B9D0F8B8329B6A0DF1060055
:10C94000984702234370E1E7D0F8B832DB6A0DF173
:10C950000600984702234370D8E7D2B2052A52D87E
:10C96000DFE802F003101D2A3744D0F8B4325B68C8
:10C9700023B10DF10601007C9847C7E72146FFF778
:10C9800090FF63E0D0F8B4329B6823B10DF106014B
:10C99000007C9847BAE72146FFF783FF56E0D0F8BE
:10C9A000B432DB6823B10DF10601007C9847ADE796
:10C9B0002146FFF776FF49E0D0F8B4321B6923B176
:10C9C0000DF10601007C9847A0E72146FFF769FFBB
:10C9D0003CE0D0F8B4325B6923B10DF10601007C74
:10C9E000984793E72146FFF75CFF2FE0D0F8B43279
:10C9F0009B6923B10DF10601007C984786E721462B
:10CA0000FFF74FFF22E02146FFF74BFF1EE0037CBC
:10CA100033B9D0F8B8325B6B0DF10600984775E773
:10CA20002146FFF73EFF11E0037C43B9D0F8B8324E
:10CA30001B6B0DF1060098470723437066E72146FC
:10CA4000FFF72FFF02E02146FFF72BFF03B030BDB9
:10CA500021462846FFF725FFF8E7284600F0DBFAD5
:10CA6000F4E738B504468B88F3B9CB88E3B94B8833
:10CA70007F2B19D803F07F0590F89C32032B0CD044
:10CA800080F89E52294603F01DF8204600F0C3FAB4
:10CA900035B1022384F89C3209E0FFF702FF06E07B
:10CAA000012384F89C3202E02046FFF7FAFE38BDED
:10CAB00070B504460E468D782F4B1D70012D10D891
:10CAC00090F89C32DAB2022B0FD0032A26D0FFF75F
:10CAD000E8FE294B19782046FFF700FD032528467C
:10CAE00070BDFFF7DEFE0325F9E7A5B145602946D5
:10CAF000FFF7EBFC054638B131462046FFF7D1FE83
:10CB0000022384F89C32EAE7204600F084FA0323EB
:10CB100084F89C32E3E700F07EFAE0E7CDB14168AB
:10CB20008D4225D0C9B2FFF7D9FC134B197861604B
:10CB30002046FFF7CAFC0546B0B131462046FFF754
:10CB4000B0FE21792046FFF7C9FC022384F89C320D
:10CB5000C5E7022380F89C3245602946FFF7BEFCFA
:10CB6000204600F058FABAE7204600F054FAB6E73B
:10CB700000F051FA0025B2E7440F002408B5CB8835
:10CB8000012B0BD190F89C32DAB2022B09D9032A7F
:10CB900011D10122011D00F012FA01E0FFF781FE20
:10CBA00008BD52B23AB10146002341F8083F0122C4
:10CBB00000F005FAF4E7FFF774FEF1E708B590F826
:10CBC0009C32013B022B12D8CB88022B0CD10123C3
:10CBD000C360D0F8A4320BB10323C360022200F17A
:10CBE0000C0100F0ECF908BDFFF75BFEFBE7FFF777
:10CBF00058FEF8E708B54B88012B04D0022B07D06C
:10CC0000FFF74FFE08BDC0F8A43200F004FAF9E7C0
:10CC10008B881B0A80F8A03200F0FDF9F2E708B516
:10CC200090F89C32013B022B09D84B88012B00D095
:10CC300008BD0023C0F8A43200F0EDF9F8E7FFF7D3
:10CC400030FEF5E738B50C7804F06004202C06D0EF
:10CC5000402C04D06CB1FFF724FE002407E0D0F88C
:10CC6000D432AE3350F823309B68984704462046B0
:10CC700038BD4D78092D1DD8DFE805F012191C16B6
:10CC80001C08051C0F0BFFF716FEF0E7FFF7E9FE87
:10CC9000EDE7FFF70DFF0446E9E7FFF76FFFE6E773
:10CCA000FFF78CFF2C46E2E7FFF7A4FFDFE7FFF773
:10CCB000B6FFDCE7FFF7F5FDD9E770B505460C4692
:10CCC0000B7803F06003202B07D0402B05D023B155
:10CCD000FFF7E7FD0026304670BD95F89C32013B1A
:10CCE000022B26D82179012905D921462846FFF7AC
:10CCF000D8FD0026EFE72846FFF7C2FC68B900F12F
:10CD0000AE0255F82220916889B1C5F8D402936823
:10CD1000214628469847064600E00326E388002B74
:10CD2000D9D1002ED7D1284600F075F9D3E70326D4
:10CD3000F4E721462846FFF7B4FD0026CBE72DE9AE
:10CD4000F04106460D468B88DFB20C7804F0600493
:10CD5000202C08D0402C06D0DCB1FFF7A2FD002427
:10CD60002046BDE8F08139463046FFF78BFC04468B
:10CD7000002840F0FD80C6F8D40200F1AE0356F85A
:10CD800023309B68002BEBD0294630469847044659
:10CD9000E6E791F80180B8F1010F31D0B8F1030F47
:10CDA00005D0B8F1000F66D0FFF77BFDD8E790F80B
:10CDB0009C32DAB2022B04D0032A11D0FFF771FDA6
:10CDC000CEE7002F18BF802F07D0394602F06AFE49
:10CDD0008021304602F066FEC2E7FFF762FDBFE742
:10CDE0004B882BB9002F18BF802F01D0CB881BB1E7
:10CDF000304600F010F9B3E7394602F053FEF7E78A
:10CE000090F89C32DAB2022B04D0032A11D0FFF73B
:10CE100048FDA5E7002F18BF802F07D0394602F044
:10CE200041FE8021304602F03DFE99E7FFF739FDD3
:10CE300096E74B88002B93D117F07F0F17D1304620
:10CE400000F0E9F839463046FFF71CFC002887D18E
:10CE5000C6F8D40200F1AE0256F822209268002AE9
:10CE600000F08880294630469047044678E73946E6
:10CE700002F020FEE3E790F89C22D1B2022A06D00D
:10CE800003292AD02946FFF70CFD444668E7002F06
:10CE900018BF802F13D113F0800F15D107F07F0733
:10CEA00007EB8707B90001F5A8710144043100239D
:10CEB0000B600222304600F082F8444650E72946D3
:10CEC000FFF7EFFC44464BE707F07F0707EB8707C8
:10CED000B900103101440431E9E75BB2002B20DBDB
:10CEE00007F00F0202EB820200EB8202B2F864212B
:10CEF0002AB3002B28DB07F07F0303EB83039C009E
:10CF000004F5A87434440434802F18BF002F24D1B2
:10CF10000023236002222146304600F050F84446A8
:10CF20001EE707F00F0202EB820200EB8202928CF6
:10CF3000002ADED12946FFF7B4FC444610E7294613
:10CF4000FFF7AFFC44460BE707F07F0303EB8303D7
:10CF50009C00103434440434D6E73946304602F09D
:10CF60005BFD10B101232360D4E700232360D1E7E8
:10CF70000024F5E60446F3E600B370B50D46164608
:10CF80000446FFF770FC01304300B3F5007F06D87C
:10CF90009BB233802B7003236B7002230AE04FF4A3
:10CFA0000073F6E7EA5401345A1CD2B20021A954A6
:10CFB0000233DBB22278002AF4D170BD704708B585
:10CFC00013460222C0F894228361C3610A460021FD
:10CFD00002F080FD002008BD08B513460A46002176
:10CFE00002F078FD002008BD08B513460322C0F802
:10CFF0009422C0F85831C0F85C310A46002102F092
:10D0000071FD002008BD08B513460A46002102F054
:10D0100069FD002008BD08B50422C0F89422002351
:10D020001A46194602F056FD002008BD08B5052233
:10D03000C0F8942200231A46194602F053FD00203E
:10D0400008BD08B54FF0E0231B6901F007FF012878
:10D0500000D108BD00F096FAFBE70000EFF305836E
:10D060002BB9064B186828B901221A6070476FF077
:10D07000050070474FF0FF30704700BF881800244C
:10D08000EFF3058373B90A4B1B68012B0DD110B563
:10D090000024084BDC77064B02221A6001F022FCC8
:10D0A000204610BD6FF0050070474FF0FF3070470D
:10D0B0008818002400ED00E008B5EFF3058313B1F4
:10D0C00001F074FC08BD01F06BFCFBE7F0B587B024
:10D0D00000240594EFF305840CBB00B3002A35D07F
:10D0E000156893692BB11E46013B372B02D90020EE
:10D0F00016E01826536813F0010F40D154698CB123
:10D100004FEA940C936833B1D768B7F5D07F02D358
:10D11000176907B184B943B14FF0FF330BB30598DA
:10D1200007B0F0BD4FF0800CECE7D368A3B91369EA
:10D13000ABB14FF0FF33F1E70293019700960B4636
:10D140006246294601F05EFB0590E8E7154600239C
:10D1500018264FF0800CE1E74FF0FF33DEE70023A5
:10D16000DCE705AB019300960B461FFA8CF22946CB
:10D1700001F085FB0128D2D000230593CFE70020E2
:10D18000CEE708B5EFF3058333B908B9002008BD31
:10D1900001F01CFD0020FAE76FF00500F7E770B51D
:10D1A00082B0EFF30583002B4DD10E461446884222
:10D1B00034BF00230123002849D0002B47D04AB1B7
:10D1C000956815B1D3684F2B14D8002D41D1E36871
:10D1D0000BB139E0002301280ED073BB314600F0BB
:10D1E0006EFD054685B304B124682146284601F04A
:10D1F000E1F829E00123EEE7B3B903220021012081
:10D2000000F016FD0546002D18BF002EEAD00023C1
:10D210001A461946284600F070FD0128E2D028463B
:10D2200001F0F2F800250FE0A3680322009200222B
:10D23000114600F0AAFC0546E5E7A268314600F079
:10D240001BFD0546CEE70025284602B070BD00252F
:10D25000FAE70025F8E720B310B582B00C46EFF3EB
:10D260000583B3B101BB0021019101AA01F04BF884
:10D2700001281CD1019850B14FF0E0234FF08052AB
:10D28000C3F8042DBFF34F8FBFF36F8F002002B0A0
:10D2900010BD00F065FF01280CD06CB16FF00100EB
:10D2A000F5E76FF0030070476FF00300EFE76FF0F2
:10D2B0000200ECE70020EAE76FF00200E7E720B3A6
:10D2C00000B583B0EFF30583A3B10023019301A957
:10D2D00000F03EFE01281BD1019898B14FF0E023E9
:10D2E0004FF08052C3F8042DBFF34F8FBFF36F8F01
:10D2F000002007E000231A46194600F0FEFC012832
:10D3000009D1002003B05DF804FB6FF00300704703
:10D310006FF00200F6E76FF00200F3E7034B0360E3
:10D32000034B0B6080231360704700BFE816002496
:10D33000E8140024034B0360034B0B604FF480732D
:10D340001360704748130024480F002400F10803BD
:10D3500043604FF0FF328260C360036100230360CB
:10D36000704700230361704743684B609A688A6086
:10D37000516099600861036801330360704730B4FD
:10D380000D68B5F1FF3F11D000F108031C465B6842
:10D390001A68AA42FAD963684B6099608C60616030
:10D3A000086103680133036030BC70470469F2E729
:10D3B0000369416882688A60416851605A688242A4
:10D3C00006D0002202611A68013A1A601868704794
:10D3D00082685A60F5E7000082B0002301930D4B8C
:10D3E0001B68B3F1FF3F08D04FF0500383F311885F
:10D3F000BFF36F8FBFF34F8FFEE74FF0500383F300
:10D400001188BFF36F8FBFF34F8F019B002BFCD0B0
:10D4100002B07047DC00002408480068006880F310
:10D4200008884FF0000080F3148862B661B6BFF33D
:10D430004F8FBFF36F8F00DF00BF000008ED00E0EB
:10D44000DFF80C00016841F47001016070470000D2
:10D4500088ED00E04FF0807340F8043C21F00101BA
:10D4600040F8081C054B40F80C3C40F8202C6FF0AD
:10D47000020340F8243C4438704700BFD9D3000869
:10D48000074B19680868B0E8F04F80F30988BFF3CC
:10D490006F8F4FF0000080F311887047AFF300806A
:10D4A000F05900244FF0500383F31188BFF36F8FBE
:10D4B000BFF34F8F0B4A136801331360012B00D069
:10D4C00070474FF0E023D3F8043D13F0FF0FF7D07F
:10D4D0004FF0500383F31188BFF36F8FBFF34F8F6B
:10D4E000FEE700BFDC000024094B1B6843B94FF086
:10D4F000500383F31188BFF36F8FBFF34F8FFEE7A5
:10D50000013B034A13600BB983F31188704700BFD6
:10D51000DC0000240000000000000000000000000B
:10D52000EFF30980BFF36F8F154B1A681EF0100FD1
:10D5300008BF20ED108A20E9F04F10602DE90900A6
:10D540004FF0500080F31188BFF34F8FBFF36F8F00
:10D5500001F062FB4FF0000080F3118809BC1968EC
:10D560000868B0E8F04F1EF0100F08BFB0EC108A4A
:10D5700080F30988BFF36F8F704700BFAFF300805F
:10D58000F059002408B54FF0500383F31188BFF31E
:10D590006F8FBFF34F8F01F011FA28B14FF0E023E6
:10D5A0004FF08052C3F8042D002383F3118808BD87
:10D5B0004FF0E022002313619361054B1B6805497E
:10D5C000A1FB03139B09013B5361072313617047C0
:10D5D0000C000024D34D62104FF0E023D3F8002D4F
:10D5E0003D4B9A421CD04FF0E023D3F8002D3B4B2B
:10D5F0009A421ED030B583B0394B1A78D2B201921C
:10D60000FF221A701B78DBB28DF803309DF80330CF
:10D6100003F05003334A1370334B07221A601BE0A8
:10D620004FF0500383F31188BFF36F8FBFF34F8F19
:10D63000FEE74FF0500383F31188BFF36F8FBFF302
:10D640004F8FFEE7284A1368013B13609DF80330B3
:10D650005B00DBB28DF803309DF8033013F0800FD0
:10D66000F0D1214B1B68032B08D04FF0500383F3FC
:10D670001188BFF36F8FBFF34F8FFEE71B021A4A6B
:10D68000136003F4E0631360019BDBB2144A137070
:10D690004FF0E024D4F8203D43F47003C4F8203D5B
:10D6A000D4F8203D43F07043C4F8203DFFF780FFDD
:10D6B00000250E4B1D60FFF7C3FED4F8343F43F046
:10D6C0004043C4F8343FFFF7A7FE01F0A5FAFFF787
:10D6D00083FE284603B030BD71C20F4170C20F41B6
:10D6E00000E400E0901800248C180024DC000024E2
:10D6F000EFF305830F2B0ED9114A9A5C114B1B785F
:10D700009A4208D24FF0500383F31188BFF36F8F12
:10D71000BFF34F8FFEE74FF0E023D3F80C3D03F447
:10D72000E063094A1268934208D94FF0500383F32B
:10D730001188BFF36F8FBFF34F8FFEE7704700BFB5
:10D74000F0E300E0901800248C180024124A12F034
:10D75000070F1ED0D11D21F00701C1F570531344EE
:10D760000A460E480260002141601344083B23F042
:10D7700007030B48036059601960991A51601360E0
:10D78000084B1960084B1960084B4FF000421A60B3
:10D7900070474FF47053E4E7B4180024AC18002429
:10D7A000A8180024A0180024A41800249418002409
:10D7B000164B1A461B688342FBD3516802EB010CDF
:10D7C000844509D0416800EB010C634509D0036032
:10D7D000904219D010607047406801445160104673
:10D7E000F0E710B40A4C2468A3420BD05B681944DC
:10D7F000416013681B680360904200D010605DF8C0
:10D80000044B70470460F7E7704700BFAC18002472
:10D81000A818002438B5044601F0BAF8384B1B6844
:10D82000B3B1384B1B681C4250D1002C50D004F1CE
:10D83000080214F0070F02D022F007020832002A73
:10D8400055D0314B1B68934253D330490C6804E0E8
:10D85000FFF77CFFE5E721461C466368934202D24E
:10D860002368002BF7D1264B1B68A34243D00D68D9
:10D87000083523680B6063689B1A102B10D9A01819
:10D8800010F0070F08D04FF0500383F31188BFF357
:10D890006F8FBFF34F8FFEE743606260FFF788FF33
:10D8A000626819490B689B1A0B60194909688B4219
:10D8B00001D217490B60134B1B68134363600023AD
:10D8C0002360144A13680133136002E0002500E06E
:10D8D000002501F0FFF815F0070F0ED04FF05003B0
:10D8E00083F31188BFF36F8FBFF34F8FFEE70025DF
:10D8F000EFE70025EDE70025EBE7284638BD00BF40
:10D90000A818002494180024A4180024AC1800249B
:10D91000A01800249C180024002834D038B50446F0
:10D92000A0F1080550F8043C174A1268134208D1C8
:10D930004FF0500383F31188BFF36F8FBFF34F8F06
:10D94000FEE750F8081C41B14FF0500383F31188F3
:10D95000BFF36F8FBFF34F8FFEE723EA020340F858
:10D96000043C01F015F854F8041C084A13680B44F1
:10D9700013602846FFF71CFF054A13680133136044
:10D9800001F0A8F838BD704794180024A4180024AA
:10D99000981800240346406A18B11B6B1868C0F140
:10D9A0003800704710B50446FFF77CFDA26BE36BAF
:10D9B0009A4204D00024FFF797FD204610BD0124B1
:10D9C000F9E710B50446FFF76DFDA36B23B90124F9
:10D9D000FFF78AFD204610BD0024F9E770B5044624
:10D9E0001546866B026C5AB903681BB100200136DC
:10D9F000A66370BD806801F08DFA0023A360F6E78E
:10DA00006DB94068F3F79CF86368226C1344636057
:10DA1000A268934219D3236863602846E7E7C06889
:10DA2000F3F78EF8E368226C51429B1AE360226898
:10DA3000934202D2A3680B44E360022D01D0002080
:10DA4000D5E726B1013E0020D1E72846CFE70020E8
:10DA5000CDE70346026C6AB110B50846D968114497
:10DA6000D9609C68A14201D31968D960D968F3F7DD
:10DA700067F810BD704738B50546FFF713FD95F8F8
:10DA8000454064B201E0013C64B2002C0ADD6B6ADF
:10DA900043B105F1240001F045F90028F3D001F06D
:10DAA000D7F9F0E7FF2385F84530FFF71DFDFFF7B5
:10DAB000F9FC95F8444064B201E0013C64B2002CEA
:10DAC0000ADD2B6943B105F1100001F02BF90028A4
:10DAD000F3D001F0BDF9F0E7FF2385F84430FFF7FC
:10DAE00003FD38BD38B5E0B10D460446FFF7DAFC5A
:10DAF0002368E26B216C01FB0230A0600020A06370
:10DB00006360013A02FB0133E360FF2384F8443091
:10DB100084F84530FDB9236963B9FFF7E5FC0120BE
:10DB200038BD4FF0500383F31188BFF36F8FBFF3FD
:10DB30004F8FFEE704F1100001F0F4F80028ECD05C
:10DB40004FF0E0234FF08052C3F8042DBFF34F8F06
:10DB5000BFF36F8FE1E704F11000FFF7F7FB04F16B
:10DB60002400FFF7F3FBD8E738B51D46049C0B46AD
:10DB700049B92460E063236401212046FFF7B2FF26
:10DB800084F84C5038BD2260F4E740B94FF05003A0
:10DB900083F31188BFF36F8FBFF34F8FFEE710B58C
:10DBA00084B01C4683B10B1E18BF0123002A08BF96
:10DBB00043F001038BB94FF0500383F31188BFF397
:10DBC0006F8FBFF34F8FFEE74FF0500383F3118841
:10DBD000BFF36F8FBFF34F8FFEE7B1FA81F35B099D
:10DBE000002A18BF43F0010343B94FF0500383F3F9
:10DBF0001188BFF36F8FBFF34F8FFEE7502303935E
:10DC0000039B502B08D04FF0500383F31188BFF3D0
:10DC10006F8FBFF34F8FFEE7039B012384F84630DD
:10DC200000949DF81830FFF79FFF204604B010BD08
:10DC300040B94FF0500383F31188BFF36F8FBFF3E8
:10DC40004F8FFEE7F0B583B00D461446064601FB44
:10DC500000F05030FFF7DEFD074650B1002380F89A
:10DC600046300090234600F1500229463046FFF727
:10DC70007BFF384603B0F0BD40B94FF0500383F34B
:10DC80001188BFF36F8FBFF34F8FFEE710B582B0DF
:10DC90000C46884208D24FF0500383F31188BFF33B
:10DCA0006F8FBFF34F8FFEE70223009313460022CE
:10DCB0001146FFF76AFF00B1846302B010BD40B99E
:10DCC0004FF0500383F31188BFF36F8FBFF34F8F73
:10DCD000FEE710B50C46884208D24FF0500383F39C
:10DCE0001188BFF36F8FBFF34F8FFEE70222002131
:10DCF000FFF79EFF00B1846310BDF0B585B00192BF
:10DD000088B10F461D460446B1B1022D20D1E36B08
:10DD1000012B1DD04FF0500383F31188BFF36F8F99
:10DD2000BFF34F8FFEE74FF0500383F31188BFF32B
:10DD30006F8FBFF34F8FFEE7036C002BE5D04FF0E2
:10DD4000500383F31188BFF36F8FBFF34F8FFEE74C
:10DD500001F084F8064658B9019B002B48D04FF0DB
:10DD6000500383F31188BFF36F8FBFF34F8FFEE72C
:10DD700000263DE02A4639462046FFF72FFE636A1B
:10DD80007BB948B14FF0E0234FF08052C3F8042D27
:10DD9000BFF34F8FBFF36F8FFFF7A6FB012005B0D6
:10DDA000F0BD04F1240000F0BDFF0028F4D04FF0D6
:10DDB000E0234FF08052C3F8042DBFF34F8FBFF321
:10DDC0006F8FE9E7FFF790FB0020E8E702A800F07B
:10DDD000EFFF012619E0002384F8443021E00023FE
:10DDE00084F8453023E02046FFF745FE00F072FE40
:10DDF000FFF758FBA26BE36B9A42BBD3022DB9D05D
:10DE0000019B002BDED0002EE0D0FFF76DFB00F071
:10DE1000BFFDFFF747FB94F8442052B2B2F1FF3F39
:10DE2000D9D094F8452052B2B2F1FF3FD7D0FFF7D6
:10DE30005BFB01A902A800F0C7FFD8B92046FFF795
:10DE4000B1FD0028CFD0019904F1100000F036FF99
:10DE50002046FFF710FE00F03DFE0028C8D14FF02D
:10DE6000E0234FF08052C3F8042DBFF34F8FBFF370
:10DE70006F8FBDE72046FFF7FEFD00F02BFE002070
:10DE80008DE72DE9F84390B10F4616461C4605462E
:10DE9000B1B1022C20D1EB6B012B1DD04FF0500300
:10DEA00083F31188BFF36F8FBFF34F8FFEE74FF0FF
:10DEB000500383F31188BFF36F8FBFF34F8FFEE7DB
:10DEC000036C002BE5D04FF0500383F31188BFF3B0
:10DED0006F8FBFF34F8FFEE7FFF70AFCEFF3118858
:10DEE0004FF0500383F31188BFF36F8FBFF34F8F51
:10DEF000AA6BEB6B9A4206D3022C04D0002088F365
:10DF00001188BDE8F88395F845904FFA89F9AB6B15
:10DF1000224639462846FFF761FDB9F1FF3F06D09A
:10DF200009F101035BB285F845300120E7E76B6A30
:10DF30000BB90120E3E705F1240000F0F3FE18B16E
:10DF400026B101203060DAE70120D8E70120D6E7CA
:10DF500068B170B50C460546036C8BB14FF05003A9
:10DF600083F31188BFF36F8FBFF34F8FFEE74FF03E
:10DF7000500383F31188BFF36F8FBFF34F8FFEE71A
:10DF80000368EBB1FFF7B4FBEFF311864FF05003DA
:10DF900083F31188BFF36F8FBFF34F8FAA6BEB6BC7
:10DFA000934226D995F845305BB20132AA63B3F1AA
:10DFB000FF3F11D001335BB285F84530012019E0F5
:10DFC0008368002BDED04FF0500383F31188BFF33A
:10DFD0006F8FBFF34F8FFEE76B6A0BB9012009E02B
:10DFE00005F1240000F09EFE38B144B1012020600C
:10DFF00000E0002086F3118870BD0120FAE70120BF
:10E00000F8E7F0B585B0019290B10F460446C1B172
:10E0100000F024FF064600BB019B002B5ED04FF0B2
:10E02000500383F31188BFF36F8FBFF34F8FFEE769
:10E030004FF0500383F31188BFF36F8FBFF34F8FFF
:10E04000FEE7036C002BE3D04FF0500383F31188FD
:10E05000BFF36F8FBFF34F8FFEE700263EE03946D8
:10E060002046FFF7F6FC013DA563236923B9FFF7BE
:10E070003BFA012005B0F0BD04F1100000F052FEA3
:10E080000028F4D04FF0E0234FF08052C3F8042D65
:10E09000BFF34F8FBFF36F8FE9E7FFF725FA00203B
:10E0A000E8E702A800F084FE012621E0002384F8BE
:10E0B000443029E0002384F845302BE02046FFF768
:10E0C000DAFC00F007FD09E02046FFF7D4FC00F081
:10E0D00001FD2046FFF775FC00283FD1FFF7E2F96C
:10E0E000A56B002DBBD1019B002BD6D0002ED8D024
:10E0F000FFF7FAF900F04CFCFFF7D4F994F844303C
:10E100005BB2B3F1FF3FD1D094F845305BB2B3F1CD
:10E11000FF3FCFD0FFF7E8F901A902A800F054FEB5
:10E120000028D1D12046FFF74CFC0028C6D0019929
:10E1300004F1240000F0C2FD2046FFF79CFC00F033
:10E14000C9FC0028CAD14FF0E0234FF08052C3F839
:10E15000042DBFF34F8FBFF36F8FBFE7002089E718
:10E1600070B584B0019158B10446036C8BB14FF087
:10E17000500383F31188BFF36F8FBFF34F8FFEE718
:10E180004FF0500383F31188BFF36F8FBFF34F8FAE
:10E19000FEE700F063FE054650B9019B5BB14FF00E
:10E1A000500383F31188BFF36F8FBFF34F8FFEE7E8
:10E1B0000026354655E0064653E0013BA36323683D
:10E1C0003BB123694BB9FFF78FF90126304604B004
:10E1D00070BD00F037FFA060F3E704F1100000F01D
:10E1E000A1FD0028EFD04FF0E0234FF08052C3F89C
:10E1F000042DBFF34F8FBFF36F8FE4E746B14FF0AD
:10E20000500383F31188BFF36F8FBFF34F8FFEE787
:10E21000FFF76AF9DAE702A800F0CAFD01252AE053
:10E22000002384F8443032E0002384F8453034E0A1
:10E23000FFF738F9A06800F021FE0646FFF754F911
:10E240003BE02046FFF717FC00F044FC09E02046C5
:10E25000FFF711FC00F03EFC2046FFF7B2FB002860
:10E2600042D1FFF71FF9A36B002BA6D1019B002B16
:10E27000C4D0002DCFD0FFF737F900F089FBFFF7AE
:10E2800011F994F844305BB2B3F1FF3FC8D094F871
:10E2900045305BB2B3F1FF3FC6D0FFF725F901A9C6
:10E2A00002A800F091FD0028D1D12046FFF789FB9C
:10E2B0000028C6D02368002BBAD0019904F12400AD
:10E2C00000F0FCFC2046FFF7D6FB00F003FC002822
:10E2D000C7D14FF0E0234FF08052C3F8042DBFF3B5
:10E2E0004F8FBFF36F8FBCE70EB900266EE7FFF7C5
:10E2F000D9F82046FFF74EFB0146A06800F052FE19
:10E30000FFF7F2F8F1E72DE9F843B0B10D4690467A
:10E310000446D9B1FFF7ECF9EFF311874FF0500342
:10E3200083F31188BFF36F8FBFF34F8FA66BCEB906
:10E33000002087F31188BDE8F8834FF0500383F382
:10E340001188BFF36F8FBFF34F8FFEE7036C002B75
:10E35000E0D04FF0500383F31188BFF36F8FBFF30A
:10E360004F8FFEE794F844904FFA89F929462046EA
:10E37000FFF76FFB731EA363B9F1FF3F06D009F1EE
:10E3800001035BB284F844300120D2E723690BB962
:10E390000120CEE704F1100000F0C4FC30B1B8F168
:10E3A000000F05D00120C8F80000C2E70120C0E737
:10E3B0000120BEE70023072B0CD8074A52F8332070
:10E3C0000AB10133F7E7044A42F8331002EBC30203
:10E3D00050607047704700BFB45400240023072BDF
:10E3E0000FD8084A02EBC3025268824201D00133BF
:10E3F000F5E7044A002142F8331002EBC3025160F2
:10E4000070477047B454002438B110B50446FFF784
:10E41000E5FF94F846304BB110BD4FF0500383F345
:10E420001188BFF36F8FBFF34F8FFEE72046FFF7D2
:10E4300073FAF1E770B504460D461646FFF732F859
:10E4400094F844305BB2B3F1FF3F0DD094F84530FF
:10E450005BB2B3F1FF3F0BD0FFF746F8A36B5BB1A4
:10E460002046FFF708FB70BD002384F84430EDE739
:10E47000002384F84530EFE73246294604F12400B2
:10E4800000F034FCECE70000084B1B681B6823B964
:10E49000074B4FF0FF321A607047044B1B68DB6874
:10E4A000DB685A68024B1A60704700BF645500244D
:10E4B000FC5400242DE9F04780460D461746994646
:10E4C000089EDDF824A00A9C9200A521206B01F093
:10E4D0008DFC236B6FF040423A4403EB820727F038
:10E4E0000707002D61D04FF0000CBCF10F0F09D8C9
:10E4F00015F80C3004EB0C0282F8343013B10CF137
:10E50000010CF2E7002384F84330372E00D9372678
:10E51000E662E66400252565201DFEF722FF04F172
:10E520001800FEF71EFF2461C6F13806A66164627A
:10E53000C4F8985184F89C514FF4A072294604F114
:10E54000580001F053FC1B4BE36503F1680222669F
:10E55000D033636601220023C4E93C2343F20E3327
:10E56000A4F8F8304AF6CD33A4F8FA3041F2342357
:10E57000A4F8FC304EF26D63A4F8FE304DF6EC6367
:10E58000A4F800310523A4F802310B23A4F80431C8
:10E590004A4641463846FEF75DFF2060BAF1000F5B
:10E5A00001D0CAF80040BDE8F087002384F8343079
:10E5B000ABE700BF0477002438B5002407E004EB84
:10E5C000840293000E481844FEF7C0FE0134372C35
:10E5D000F5D90C4D2846FEF7B9FE0B4C2046FEF748
:10E5E000B5FE0A48FEF7B2FE0948FEF7AFFE09483D
:10E5F000FEF7ACFE084B1D60084B1C6038BD00BF29
:10E60000905500247C550024685500244C55002466
:10E6100038550024205500246455002460550024FA
:10E6200010B50446FEF73EFF224A1368013313601B
:10E63000214B1B685BB1214B1B686BB91E4B1B68E0
:10E64000DA6AE36A9A4207D81B4B1C6004E01A4B53
:10E650001C601368012B29D0194A13680133136019
:10E660006364E06A174B1B68984201D9154B186028
:10E6700000EB8000211D144B03EB8000FEF774FEBD
:10E68000FEF732FF0D4B1B687BB10B4B1B68DA6A40
:10E69000E36A9A4209D24FF0E0234FF08052C3F868
:10E6A000042DBFF34F8FBFF36F8F10BDFFF784FFB3
:10E6B000D2E700BF1C550024F05900241055002457
:10E6C00000550024145500249055002410B504462C
:10E6D000583001F0D9FB94F89D3163B1012B11D072
:10E6E000022B0ED04FF0500383F31188BFF36F8FCE
:10E6F000BFF34F8FFEE7206BFFF70EF92046FFF7C1
:10E700000BF910BD2046FFF707F9FAE70F4B1B681E
:10E71000D3B110B5FEF7C6FE0D4BDB68DC68201DDB
:10E72000FEF746FE0B4A1368013B1360074A136865
:10E73000013B1360FEF7D8FE2046FFF7C7FF034BEF
:10E740001B68002BE6D110BD704700BF3455002474
:10E75000385500241C55002408B5FFF7D7FF074B98
:10E760001B68012BF9D94FF0E0234FF08052C3F81A
:10E77000042DBFF34F8FBFF36F8FEEE7905500244A
:10E7800070B504460D46194B1E68194B18680430C5
:10E79000FEF70EFEB4F1FF3F14BF00230123002D4E
:10E7A00008BF00236BB93444114B1B685C60A64260
:10E7B0000ED9104B18680E4B19680431FEF7DFFDB7
:10E7C00070BD0B4B196804310B48FEF7CDFDF7E720
:10E7D0000A4B1868064B19680431FEF7D0FD084B48
:10E7E0001B68A342ECD9064B1C60E9E718550024CE
:10E7F000F05900246055002420550024645500245D
:10E80000FC54002430B587B00B9C8CB10C9DC5B175
:10E810004FF4D0750495049DB5F5D07F1AD04FF014
:10E82000500383F31188BFF36F8FBFF34F8FFEE761
:10E830004FF0500383F31188BFF36F8FBFF34F8FF7
:10E84000FEE74FF0500383F31188BFF36F8FBFF3E0
:10E850004F8FFEE7049D0C9D2C63022485F89D419B
:10E8600000240394029505AC01940A9C0094FFF7E0
:10E8700021FE0C98FFF7D4FE059807B030BD2DE9B6
:10E88000F04385B00746884614461E469000FEF7C2
:10E89000C1FF10B381464FF4D070FEF7BBFF0546B1
:10E8A000A8B1C0F83090002380F89D310393029006
:10E8B0000D9B01930C9B00933346224641463846FC
:10E8C000FFF7F8FD2846FFF7ABFE012007E04846BA
:10E8D000FFF722F84FF0FF3001E04FF0FF3005B0B6
:10E8E000BDE8F08310B588B000240594069407AA0B
:10E8F00006A905A8FEF712FD059B0293069B01934E
:10E9000000942346079A1A491A48FFF77BFF1A4BCF
:10E910001860E8B100F014FC01281AD14FF0500340
:10E9200083F31188BFF36F8FBFF34F8F134B1B68B7
:10E930005833134A1360134B4FF0FF321A60124BD7
:10E9400001221A60114B00221A60FEF745FE03E017
:10E950000020B0F1FF3F01D008B010BD4FF05003D0
:10E9600083F31188BFF36F8FBFF34F8FFEE700BFB4
:10E970001013010859E70008F8540024F059002446
:10E9800048010024FC54002410550024185500248C
:10E99000024A136801331360704700BFF454002427
:10E9A000014B1868704700BF1855002408B5FEF7E2
:10E9B0009FFE014B186808BD18550024F8B53A4B66
:10E9C0001B68002B69D1394B1D6801351D60C5B925
:10E9D000374B1B681B6843B14FF0500383F311881A
:10E9E000BFF36F8FBFF34F8FFEE7314A1168314B92
:10E9F000186810601960304A136801331360FFF71C
:10EA000043FD2E4B1B68AB423DD900272C4B1B68A6
:10EA1000DB6A03EB83039A002A4B9B58012B00D936
:10EA20000127294B1B68002B3CD001273AE0012726
:10EA30001F4B1B681B6843B31D4B1B68DB68DC68FE
:10EA400063689D4226D3261D3046FEF7B1FCA36ABB
:10EA50001BB104F11800FEF7ABFCE36A1B4A126815
:10EA6000934201D9194A136003EB83039A0031469C
:10EA700014481044FEF778FCE26A114B1B68DB6A0D
:10EA80009A42D4D2D4E70027D2E70C4B4FF0FF32A2
:10EA90001A60BBE7094A1360B8E70D4A13680133EF
:10EAA000136000273846F8BDF4540024185500249C
:10EAB000645500246055002404550024FC540024AF
:10EAC000F0590024905500240855002414550024C2
:10EAD0000C55002438B5354B1B6843B94FF0500333
:10EAE00083F31188BFF36F8FBFF34F8FFEE7FEF7FD
:10EAF000D9FC2E4B1A68013A1A601B68002B4FD1C3
:10EB00002B4B1B680BB900244BE00024294B1B68DE
:10EB10001BB3284BDB68DC6804F11800FEF748FCE7
:10EB2000251D2846FEF744FCE06A234B1B689842EB
:10EB300001D9214B186000EB800029461F4B03EBE5
:10EB40008000FEF711FCE26A1D4B1B68DB6A9A42EB
:10EB5000DCD31C4B01221A60D8E70CB1FFF794FC00
:10EB6000194B1C6884B9174B1C68D4B14FF0E023D3
:10EB70004FF08052C3F8042DBFF34F8FBFF36F8F58
:10EB800001240EE0013C07D0FFF718FF0028F9D060
:10EB90000C4B01221A60F5E70B4B00221A60E2E7EA
:10EBA0000024FEF7A1FC204638BD00BFF454002429
:10EBB0001C5500244C550024145500249055002465
:10EBC000F0590024085500240C55002410B5A8B1B4
:10EBD0000446104B1B6843B14FF0500383F3118878
:10EBE000BFF36F8FBFF34F8FFEE7FFF7D1FE00211A
:10EBF0002046FFF7C5FDFFF76DFF48B94FF0E02352
:10EC00004FF08052C3F8042DBFF34F8FBFF36F8FC7
:10EC100010BD00BFF4540024224B1B681BB1224BD3
:10EC200001221A607047204B00221A601F4B1B689C
:10EC300003EB83018A001E498A585AB90BB1013B84
:10EC4000F6E74FF0500383F31188BFF36F8FBFF3E4
:10EC50004F8FFEE7084603EB83018A0002445168A8
:10EC60004968516003EB830C4FEA8C02083202447E
:10EC700091420FD003EB830291000D4A0A4452687F
:10EC8000D1680C4A116009490B60136858330A4A6D
:10EC900013607047486862469100054A0A44506014
:10ECA000E8E700BFF454002408550024145500245C
:10ECB00090550024F05900244801002458B110B5A3
:10ECC0000C46094A11681831FEF759FB012120460C
:10ECD000FFF756FD10BD4FF0500383F31188BFF3CB
:10ECE0006F8FBFF34F8FFEE7F059002438B570B136
:10ECF0000D4614460A4A11681831FEF735FB0CB16F
:10ED00004FF0FF3521462846FFF73AFD38BD4FF05A
:10ED1000500383F31188BFF36F8FBFF34F8FFEE76C
:10ED2000F059002438B5C368DC6824B304F1180531
:10ED30002846FEF73DFB184B1B682BBB251D2846BC
:10ED4000FEF736FBE06A154B1B68984201D9134B5E
:10ED5000186000EB80002946114B03EB8000FEF7A2
:10ED600003FBE26A0F4B1B68DB6A9A4211D9012050
:10ED70000D4B186038BD4FF0500383F31188BFF37B
:10ED80006F8FBFF34F8FFEE729460848FEF7ECFA76
:10ED9000E7E70020EEE700BFF454002414550024F8
:10EDA00090550024F0590024085500244C550024A7
:10EDB000034B1B680360034B1B684360704700BF35
:10EDC0000455002418550024E0B170B50C460546E2
:10EDD00009B3FEF767FB1C4B19686B68C81A2268F9
:10EDE000B2F1FF3F28D0DFF864C0DCF800C02E6825
:10EDF000664501D08B4224D9824215D80023236076
:10EE000001241AE04FF0500383F31188BFF36F8F92
:10EE1000BFF34F8FFEE74FF0500383F31188BFF32A
:10EE20006F8FBFF34F8FFEE75B1A134423602846B2
:10EE3000FFF7BEFF002400E00024FEF755FB20464C
:10EE400070BD0124F9E700BF1855002404550024C3
:10EE5000014B01221A60704708550024054B1B68BE
:10EE600033B1054B1B680BB100207047022070477F
:10EE70000120704710550024F454002400283ED08F
:10EE800038B50446C36A204A1268D26A93422ED229
:10EE90008269002A05DB1C4A1268D26AC2F1380274
:10EEA0008261616903EB8303184A02EB8303994291
:10EEB00005D0154B1B68DB6AE362012038BD251DB8
:10EEC0002846FEF775FA104B1B68D86AE062104BB3
:10EED0001B68984201D90E4B186000EB8000294650
:10EEE0000A4B03EB8000FEF73FFA0120E6E7C26C15
:10EEF000054B1B68DB6A9A4203D30020DEE7002043
:10EF000070470120DAE700BFF05900249055002433
:10EF10001455002400283BD038B504461E4B1B680E
:10EF2000834208D04FF0500383F31188BFF36F8FF3
:10EF3000BFF34F8FFEE7036D43B94FF0500383F3E8
:10EF40001188BFF36F8FBFF34F8FFEE7013B03655F
:10EF5000C16AC26C91421DD00BB1002038BD051DA5
:10EF60002846FEF725FAE06CE062C0F13803A361A1
:10EF70000A4B1B68984201D9084B186000EB8000CF
:10EF80002946074B03EB8000FEF7EEF90120E5E789
:10EF9000002070470020E1E7F059002414550024B8
:10EFA00090550024002846D038B50446036D43B977
:10EFB0004FF0500383F31188BFF36F8FBFF34F8F70
:10EFC000FEE7C26C8A4200D20A46E16A914201D051
:10EFD000012B00D038BD184B1B68A34222D0E2623F
:10EFE000A369002B02DBC2F13802A261626901EB66
:10EFF0008101124B03EB81039A42EBD1251D284678
:10F00000FEF7D6F9E06A0E4B1B68984201D90C4B0B
:10F01000186000EB80002946084B03EB8000FEF7E8
:10F02000A3F9D7E74FF0500383F31188BFF36F8F35
:10F03000BFF34F8FFEE77047F0590024905500242E
:10F0400014550024054B1B6823B1044B1A68136D3B
:10F0500001331365014B1868704700BFF059002455
:10F06000064B1A6813682BB90123036023B9D368D0
:10F07000186870470023F8E700207047F45A00240E
:10F0800008B54160006191420CD8D21A83699A4256
:10F0900001D3012008BD011D0B4B1868FEF76FF965
:10F0A0000020F7E79A422CBF00220122994238BF84
:10F0B00000220AB10120EDE7011D044B1868FEF79C
:10F0C0005EF90020E6E700BFF05A0024F45A00245D
:10F0D00030B583B0FEF7E6F9114B1B681BB1FEF7A4
:10F0E00003FA03B030BD0F4D2846FEF72FF90E4C42
:10F0F0002046FEF72BF90D4B1D600D4B1C600023C5
:10F1000000930C4B0C4A10210A20FEF73EFD044BE5
:10F1100018600028E3D00949FFF74CF9DFE700BF8A
:10F12000EC5A00240C5B0024F85A0024F45A002402
:10F13000F05A0024F4590024445A002418130108FA
:10F1400010B588B0FFF7C4FF124B1B68CBB1002489
:10F150000594069407AA06A905A8FEF7EBF8059BF7
:10F160000293069B0193022300932346079A0A49C0
:10F170000A48FFF747FB0A4B186010B1012008B09E
:10F1800010BD4FF0500383F31188BFF36F8FBFF3AF
:10F190004F8FFEE7EC5A002420130108A9F4000861
:10F1A000E85A0024B8B19C4603461848006858B392
:10F1B00000B585B000910192029305291CDCFFF790
:10F1C0004DFE022810D000231A4669460F480068F9
:10F1D000FEF793FD15E04FF0500383F31188BFF362
:10F1E0006F8FBFF34F8FFEE70023069A69460748EB
:10F1F0000068FEF782FD04E0002362466946FEF7E0
:10F2000040FE05B05DF804FB00207047EC5A002476
:10F2100070B582B01B4B1B681A6862B3DB681E684E
:10F22000DC68251D2846FEF7C3F8236A2046984768
:10F2300094F8283013F0040FECD0A36933449E42B5
:10F2400007D26360246129460E4B1868FEF797F8D1
:10F25000E0E7002100910B4632462046FFF7A2FF6F
:10F260000028D7D14FF0500383F31188BFF36F8F7D
:10F27000BFF34F8FFEE7044A10680249086013602D
:10F2800002B070BDF45A0024F05A002438B5054687
:10F29000FFF786FB0446074B1B68834205D8002313
:10F2A0002B60044B1C60204638BDFFF7B1FF0123E3
:10F2B0002B60F6E7E45A002470B582B006460D468E
:10F2C00017490968C968CC68201DFEF771F894F8E1
:10F2D00028C01CF0040F08D12CF0010C84F828C0C1
:10F2E000236A2046984702B070BDA16933462A467A
:10F2F00031442046FFF7C4FE0028F1D000210091E0
:10F300000B4632462046FFF74DFF0028E8D14FF06C
:10F31000500383F31188BFF36F8FBFF34F8FFEE766
:10F32000F45A002470B582B006460C46FFF730FB55
:10F3300001A8FFF7ABFF019B3BBB0546B04228BFCE
:10F34000002C19D024B1134A12681268DAB90124CA
:10F350002246711B104B1868FFF76CF8FFF7BAFBD9
:10F36000A8B94FF0E0234FF08052C3F8042DBFF34B
:10F370004F8FBFF36F8F0AE0FFF7ACFB2946304693
:10F38000FFF79AFF03E01C46E2E7FFF7A3FB02B09A
:10F3900070BD00BFF05A0024EC5A002410B588B0AC
:10F3A00002E0049B002B0FDA002204A93D4B1868F1
:10F3B000FEF727FE002872D0049B002BF1DA079994
:10F3C0000698059B9847ECE7069C636913B1201DDE
:10F3D000FDF7EEFF03A8FFF759FF0246049B092B38
:10F3E000E2D8DFE803F00505052F364E05052F3678
:10F3F00094F8283043F0010384F82830059BA16974
:10F4000019442046FFF73CFE0028CDD0236A204651
:10F41000984794F8283013F0040FC5D0A269002152
:10F4200000910B46059802442046FFF7BBFE0028DA
:10F43000BAD14FF0500383F31188BFF36F8FBFF33E
:10F440004F8FFEE794F8283023F0010384F828302A
:10F45000AAE794F8283043F0010384F8283005998E
:10F46000A16129B1034601442046FFF709FE9BE74D
:10F470004FF0500383F31188BFF36F8FBFF34F8FAB
:10F48000FEE794F8283013F0020F04D023F00103B4
:10F4900084F8283088E72046FEF73EFA84E708B073
:10F4A00010BD00BFEC5A002400B583B001A8FFF7DF
:10F4B000D7FD0199FFF736FFFFF770FFF6E738B584
:10F4C00000250DE001250BE00020F3F7DBFA6420B6
:10F4D000FDF757FE0420F3F7D5FA6420FDF751FE3F
:10F4E000F2F77EF904460028EED1F2F783F958B11D
:10F4F0002846F3F7C7FAC820FDF743FE002DE1D0F8
:10F50000012D10D02546EBE70220F3F7BBFA4FF4AC
:10F51000FA70FDF736FE0420F3F7B4FA4FF4FA70F0
:10F52000FDF72FFEDCE70225DAE7000008B5F3F768
:10F53000D9FAF3F7E9FA044B1880F3F733FB3220DA
:10F54000FDF71FFEF5E700BFDA0C002408B584467E
:10F550000846114600236246F2F702FA08BD000091
:10F5600038B5F2F7CDF9F2F7DBF9F2F7E9F9F2F78E
:10F570003FFAF3F72DFB00252C4621E0F3F7BEFB05
:10F580000020F2F73DFA1A4B1C78003C18BF01240A
:10F59000184B1B7803B3174B1B78012B03D1FDF7D6
:10F5A0008BFDF1F7E9FE2046F3F730FBF3F736FB6E
:10F5B0002046F3F77DFBF3F789FB0120FDF7E1FD22
:10F5C000B5F5FA6FDAD20135ADB23220F2F718FA9A
:10F5D000B5F5FA6FDFD3D1E7FDF76EFD02460021E6
:10F5E0000548F1F799FE034B01221A70D3E700BFDB
:10F5F000D90C0024205B00244DF5000810B586B01E
:10F6000032211848F2F702FA0021174B1868FDF76B
:10F6100022FE32211348F2F7F9F91221124B186831
:10F62000FDF719FE0028F4D1104A13880133138026
:10F630000F490C48F3F787FB0128EAD10C4C0D4B1E
:10F640000493EC4620696169A269E369ACE80F00A4
:10F6500020686168A268E368F3F70CFC0020F3F708
:10F660004DFAD6E70C0F002484090024225B002405
:10F67000EC0E0024D80E002408B5012210491148D0
:10F68000FCF7E8FE80B910490E48FCF7FAFE70B9A5
:10F690000E490C48FCF79DFE60B90A48FCF711FFC3
:10F6A00058B9F7F799FD08BDF2F7DCFCEBE7F2F784
:10F6B000D9FCEDE7F2F7D6FCEFE7F2F7D3FCF0E781
:10F6C00028010024245B002498000024E00000248A
:10F6D00000207047002070470020704710B5014699
:10F6E000044C2046FCF78EFE2046FCF797FE0020D7
:10F6F00010BD00BF245B002410B5064C0022064953
:10F700002046FCF771FE05492046FCF77BFE0020F1
:10F7100010BD00BF245B0024005E002400660024AE
:10F7200012230B80004870471401002404230B802F
:10F730000048704710010024002393421ED200B5F8
:10F7400010E00CF1370C01F813C000014FEA430C34
:10F750000CF1010C4FF0000E01F80CE00133DBB2AC
:10F76000934209D24FEA107CB0F1204FE9D20CF15C
:10F77000300C01F813C0E8E75DF804FB70470000A7
:10F7800038B50B4BD3F80008D3F80448D3F8083841
:10F79000C01800D138BD074D08222946FFF7CCFF1D
:10F7A000042205F110012046FFF7C6FFF2E700BF73
:10F7B00000E0F11FF600002408B51A230B80FFF7C4
:10F7C000DFFF014808BD00BFF400002408B50A4669
:10F7D00028B905490548FDF7CFFB034808BD024994
:10F7E0000248FDF7C9FBF8E7006E00242813010862
:10F7F00010B50A46034C21460348FDF7BDFB2046E1
:10F8000010BD00BF006E00244013010808B50A4671
:10F8100028B905490548FDF7AFFB034808BD024973
:10F820000248FDF7A9FBF8E7006E00245413010815
:10F8300008B50A4628B905490548FDF79DFB034868
:10F8400008BD02490248FDF797FBF8E7006E002467
:10F850006013010810B5B0B00446B822002102A818
:10F8600000F0C4FA2268164B9A4201D030B010BDA5
:10F870004FF480220023CDE902234FF48013239319
:10F8800002A8F8F761FBB8B9F7F7A6FC0D4BD3F85F
:10F89000D82042F00072C3F8D820D3F8D83003F053
:10F8A00000730193019B002205214D20F4F73CFBDE
:10F8B0004D20F4F749FBD9E7F2F7D4FBE4E700BFAA
:10F8C000000004400044025808B500F29C41D0F802
:10F8D000E004FCF70CFE08BD08B501EBC10300EB2A
:10F8E0008303D3F86022D0F8E004FCF7CDFE08BD16
:10F8F00008B501EBC10300EB83031A6AD0F8E004FA
:10F90000FCF722FF08BD08B5D0F8E004FCF76AFE5A
:10F9100008BD10B50446C17911B1022909D10121F0
:10F92000D4F8E004FCF741FED4F8E004FCF70BFE49
:10F9300010BDF2F797FB0121F2E7000010B5044675
:10F94000D0F8E004FCF734FE2268D2F8003E43F021
:10F950000103C2F8003EE37A23B1034A136943F07E
:10F960000603136110BD00BF00ED00E008B5D0F83C
:10F97000E004FCF72BFE08BD08B5D0F8E004FCF766
:10F9800057FE08BD08B5D0F8E004FCF73BFE08BD03
:10F9900008B5D0F8E004FCF761FE08BD08B5D0F862
:10F9A000E004FCF75DFE08BD0378012B01D00020C8
:10F9B000704710B5164BC3F8E004C0F8C832154ABA
:10F9C0001A6009221A710221D97100229A715972A2
:10F9D0009A72DA721A739A73DA731A741846F6F70F
:10F9E000C7FD90B90A4C4FF400712046F7F7AFFB02
:10F9F000802200212046F7F784FB4FF4BA720121E0
:10FA00002046F7F77EFB002010BDF2F72BFBE9E75D
:10FA10002072002400000440D0F8C83211F0800F9A
:10FA200008D101F07F0101EBC10103EB810393F8E1
:10FA30005602704701F07F0101EBC10103EB810326
:10FA4000987D704708B5D0F8C802F6F795FF08BD55
:10FA500000487047007000247047032805D8DFE88D
:10FA600000F005040205012070470320704708B527
:10FA7000D0F8C802F6F7FDFDFFF7EFFF08BD08B5A7
:10FA800094461A466346D0F8C802F6F7D2FEFFF74E
:10FA9000E4FF08BD08B5D0F8C802F6F710FFFFF77D
:10FAA000DCFF08BD08B5D0F8C802F6F793FFFFF7F2
:10FAB000D4FF08BD08B5D0F8C802F6F7CEFFFFF7AF
:10FAC000CCFF08BD08B5D0F8C802F6F79FFEFFF7D7
:10FAD000C4FF08BD08B5D0F8C802F6F756FFFFF717
:10FAE000BCFF08BD08B5D0F8C802F6F720FFFFF745
:10FAF000B4FF08BD2DE9F047089D0F4604468C462B
:10FB0000002B48D18A42164661D9B2FA82F34BB132
:10FB1000C3F1200201FA03FC20FA02F29E4042EAFD
:10FB20000C0C9C404FEA164EB7B2BCFBFEF1220C07
:10FB30000EFB11CC42EA0C4201FB07F0904209D9BE
:10FB4000B21801F1FF3C80F0EE80904240F2EB8071
:10FB500002393244121AA4B2B2FBFEF00EFB10229C
:10FB600044EA024400FB07F7A74209D9341900F11F
:10FB7000FF3280F0DA80A74240F2D7803444023866
:10FB800040EA0140E41B00211DB1DC400023C5E92F
:10FB90000043BDE8F0878B4206D90DB1C5E90001ED
:10FBA00000210846BDE8F087B3FA83F1002948D167
:10FBB000BB4202D3824200F20781841A67EB030240
:10FBC00001209446002DE4D0C5E9004CE1E7002A6D
:10FBD00000F09280B2FA82F3002B40F0A8808A1ADB
:10FBE0004FEA164E1FFA86FC0121200CB2FBFEF7ED
:10FBF0000EFB172240EA02420CFB07F0904207D9A5
:10FC0000B21807F1FF3802D2904200F2E280474674
:10FC1000121AA4B2B2FBFEF00EFB102244EA024418
:10FC20000CFB00FCA44507D9341900F1FF3202D2C5
:10FC3000A44500F2CB801046A4EB0C0440EA074038
:10FC4000A2E7C1F120068B4022FA06FC4CEA030C25
:10FC500007FA01F420FA06F3F7404FEA1C49234360
:10FC600000FA01F81FFA8CFEB7FBF9F01C0C09FB37
:10FC7000107744EA074400FB0EF7A74202FA01F2AC
:10FC80000AD91CEB040400F1FF3A80F09B80A742E4
:10FC900040F2988002386444E41B9FB2B4FBF9F34D
:10FCA00009FB134447EA044403FB0EFEA64509D9A9
:10FCB0001CEB040403F1FF3780F08280A6457FD956
:10FCC000023B644443EA0040A4EB0E04A0FB02E7BD
:10FCD000BC427346B94663D360D05DB1B8EB030252
:10FCE00064EB090404FA06F622FA01F31E43CC4041
:10FCF000C5E9006400214CE76208480842EAC17186
:10FD00000B0C43EA00438AB242EA0342B3FBF6F12A
:10FD1000E407B4463746B6461F23B0FBF6F0D21BC5
:10FD200041EA004161E7614614E7104628E7C3F164
:10FD3000200120FA01F29E4027FA01F19F403A4348
:10FD40004FEA164E1FFA86FCB1FBFEF70EFB1710AA
:10FD5000110C41EA004107FB0CF8884504FA03F452
:10FD60003AD9711807F1FF3001D288451FD8A1EBAD
:10FD70000801B1FBFEF808FB0CF70EFB181192B25C
:10FD800042EA0142BA422FD2B21808F1FF31C6D27C
:10FD9000BA42C4D2A8F102013244C0E7F0459CD275
:10FDA000BEEB020367EB0C070138B94695E7A6EBFB
:10FDB00008084144B81EB1FBFEF808FB0CF7DCE76D
:10FDC0003B467FE7504667E70846FBE63444023887
:10FDD00032E7023F32441BE7A1EB08013846B1FB92
:10FDE000FEF808FB0CF7C8E7414698E7830730B5F3
:10FDF00046D08418844604E003F8011B9D0704D014
:10FE00009C46A4456346F7D130BD013A0244A2EBBB
:10FE10000C02032A29D9CCB204EB04240F2A04EBE8
:10FE200004442FD9A2F1100C2CF00F0C03F1100593
:10FE3000AC44C3E90044C3E9024410336345F8D13C
:10FE400012F00C0F02F00F0E18D02EF0030C9C4491
:10FE5000AEF104051A4642F8044B6245FBD125F089
:10FE6000030404330EF003022344002ACCD0C9B2A9
:10FE70001A4403F8011B9342FBD130BD7246F4E7EC
:10FE80000346C6E79646E0E7194B1B6883422ED02F
:10FE9000416C70B5054681B100268C593CB12146B4
:10FEA0002468284600F0C4F8002CF8D1696C0436A8
:10FEB000802EF2D1284600F0BBF8A96B11B128467C
:10FEC00000F0B6F82C6C34B121462468284600F0C6
:10FED000AFF8002CF8D1E96C11B1284600F0A8F871
:10FEE0006B6B1BB12846BDE87040184770BD70476A
:10FEF00048010024014B1868704700BF48010024E6
:10FF000070B50F4B0F4DAB42A3EB050607D0B610F3
:10FF1000002455F8043B01349847A642F9D801F073
:10FF2000A1F9094D094B5E1BAB424FEAA60606D06C
:10FF3000002455F8043B01349847A642F9D870BD17
:10FF40007418010874180108741801087C18010855
:10FF5000704700BF704700BF024B13B1024800F06A
:10FF600005B87047000000005D020108002301464B
:10FF70001A46184600F094B92DE9F84306460820C1
:10FF8000894600F07FF9DFF8A4800546304600F08E
:10FF900047F9D8F808305F6827F00307A7F1110484
:10FFA000A4EB09042C44B4FBF5F4013C05FB04F478
:10FFB000A54208DC0021304600F03EF9D8F80830B0
:10FFC0003B44984205D0304600F030F90020BDE8AF
:10FFD000F8836142304600F02FF901300FD0114A0A
:10FFE000D8F808303F1B47F001075F6013683046C0
:10FFF0001B1B136000F01AF90120BDE8F8830021F3
:020000040801F1
:10000000304600F019F9D8F80820831A0F2BDADDF2
:1000100043F001035360044B02491B68C01A086097
:10002000D1E700BF4C78002494020024A0020024F1
:1000300000295BD0F8B50C46074600F0F1F854F8FB
:1000400004CC744DA4F108022CF00103D118A86867
:100050004E68884226F003060CF0010E7ED0881907
:100060004E60406800F00100BEF1000F2FD154F83F
:10007000084C121B2344946805F1080C644562D0B7
:10008000D2F80CE0C4F80CE0CEF8084000287FD08D
:1000900043F0010050600B60B3F5007F2FD2D90808
:1000A00068685C090131012309B2A34003436B6016
:1000B00055F83100906005EBC103083BD36045F86B
:1000C0003120C2603846BDE8F84000F0AFB870B9E2
:1000D000334405F1080C8868604543F0010471D091
:1000E000C968C16088605460D350D5E770474CF050
:1000F0000101B3F5007F44F8041CD350CFD3B3F50E
:10010000206F4FEA532045D2980900F1390109B216
:1001100000F13804C900681869580838884203D1CA
:1001200057E08968884204D04C6824F003049C425C
:10013000F7D8C868C2E9021082603846CA60BDE8D4
:10014000F84000F073B888BB1E44D1E90213CB60BD
:10015000996046F0010353609651B3E71E44BEF127
:10016000000F07D154F8083CD21A1E44D2E90213FA
:10017000CB60996046F001035360274BAA601B686F
:10018000B3429FD8254B38461968FFF7F5FE99E72B
:100190003344A0E714280ED9542821D8180B00F1B5
:1001A0006F0109B200F16E04C900B4E743F0010029
:1001B00050600B6086E700F15C0109B200F15B045E
:1001C000C900A8E7C5E90422C2E902CC5460D350B3
:1001D00078E76E68A4100123A34033436B60A9E75E
:1001E000B0F5AA7F07D8D80B00F1780109B200F169
:1001F0007704C9008FE740F25451884206D8980C22
:1002000000F17D0100F17C04C90084E74FF47E71A8
:100210007E2480E7A0020024980200247478002441
:100220000148FFF795BE00BF407800240148FFF762
:1002300091BE00BF4078002438B5074D0022044627
:1002400008462A60F2F732F9431C00D038BD2B680B
:10025000002BFBD0236038BD3C78002438B5074D17
:10026000074C2C1BA41005D0013C55F8043D9847C1
:10027000002CF9D1BDE8384000F0FABF8018010821
:100280007C180108082802D14FF48050704708B547
:10029000FFF730FE162303604FF0FF3008BD00BFAC
:1002A0002DE9F8431B4D0646286898460F469146AF
:1002B000FFF74EFE184B1C681CB3286865681F2D9D
:1002C00022DC4EB96B1C0235636044F82570FFF7E1
:1002D00041FE0020BDE8F88304EB85010123C1F84D
:1002E0008890D4F88821AB401A43022EC4F88821A4
:1002F000C1F80881E6D1D4F88C211A43C4F88C21C6
:10030000E0E7064C1C60D8E7FFF724FE4FF0FF3013
:10031000E0E700BF900200244878002478780024A9
:1003200008B52DED028BB0EE408A00F041F9F0EEF9
:10033000408AB0EE480A00F067F868B1DFED127A43
:10034000B4EEE78AF1EE10FA0BDCDFED107AB4EED2
:10035000E78AF1EE10FA0FD4B0EE680ABDEC028B1A
:1003600008BDDFED0B8AFFF7C5FDB0EE680ABDECF6
:10037000028B2223036008BDFFF7BCFD2223DFEDC3
:10038000058A0360E8E700BF1772B142B5F1CFC23A
:100390000000807F0000000010EE103A184923F0A2
:1003A00000428A421AD9B2F1FF4F02D330EE400A1E
:1003B000704700B583B0684600F0EEF900F0030026
:1003C00001289DED000ADDED010A10D0022809D0B8
:1003D00090B900F023F803B05DF804FBDFED090AE3
:1003E00000F01CB800F01AF8B1EE400AF3E700F094
:1003F00097F8B1EE400AEEE7012000F091F8EAE745
:10040000D80F493F0000000010EE103A23F00040E2
:10041000B0F1FF4F2CBF00200120704710EE103AC2
:1004200023F00043B3F1485F2CD2FDEEC07A17EE03
:10043000903A002B60D060EE007A9FED317A9FED0C
:10044000315ADFED315A9FED316ADFED316AA7EEA7
:10045000875A9FED307AE7EE855AA7EEA56AA7EE98
:10046000867AE7EE876A67EEA66A60EEC00AB6EEA5
:10047000007AE7EEA60AB7EE000AD7EE870A30EE5A
:10048000600A704760EE007A9FED1D7A9FED1D5A5D
:10049000DFED1D5A9FED1D6ADFED1D6A1E4AA7EEB6
:1004A000875A93429FED1B7AE5EE275AA5EEA76A7D
:1004B000A6EE277AE7EE276A66EEA76AD5D9174A2D
:1004C000934214D803F17F4307EE103AB7EE006A67
:1004D00036EE476A60EEC00AF6EE005A97EEA57A4D
:1004E000E7EEA60A37EE607A36EE470A7047B6EEB8
:1004F000076AB5EE027AEDE7B7EE000A704700BF73
:100500004ED747ADF6740F317CF293B4010DD0375E
:10051000ABAA2A3D610BB6BA9999993E0000483FB3
:1005200010EE103A23F00043B3F1485F04D2FDEE21
:10053000C07A17EE903A5BB360EE007A9FED157AC1
:10054000DFED155A9FED156ADFED156AE7EE875A64
:100550009FED147AA5EEA76A20EE275AE6EE276AE9
:10056000A6EEA77A30B9DFED106AE7EE876AA6EE4D
:10057000850A704727EE457AF6EE006AA0EEA67A65
:10058000DFED0A6AD7EE270AE5EE260A30EE600AAA
:10059000704700BFD3C92E2F342FD7B21BEF383688
:1005A000010D50B98988083CABAA2ABEABAA2A3EE5
:1005B00010EE103A23F00042B2F1FF4F56D84FEA46
:1005C000D37100F095806248834200F38780002B4E
:1005D000C0F287805F4B9A424BD95F4B9A4200F240
:1005E0009A805E4B5E4A03EB8103D3ED004A02EB37
:1005F000810281F0010370EE644AD2ED007A5B1A49
:1006000034EEE70ADFED576A9FED575ADFED575A90
:100610009FED576A20EE007AA7EE265ADFED556A65
:10062000E5EE075AE5EE876AA6EE876AF0EE406AC5
:10063000E6EE476A20EE266A002B42D0B0EE007A42
:1006400037EE667AB7EE000AC6EE076A13F17D0F41
:1006500077EEE67A77EEE47A30EE670A4FDB10EE5B
:10066000102A02EBC35300EE103A704730EE000A36
:100670007047B2F1505F0AD2DFED3F7A70EE277A11
:10068000B7EE007AF4EEC77AF1EE10FA5DDC60EEB8
:10069000007A9FED347ADFED345A9FED346ADFED56
:1006A000356AE7EE875A9FED327AA7EEA56AE7EE44
:1006B000866AA7EEA67AF0EE406AE7EEC76A20EEF9
:1006C000266AF0EE007A76EEE76AB7EE007AC6EEBA
:1006D000267A77EEC07A37EE670A7047002000F07E
:1006E000BDB9264B9A427FF675AF002000F0B0B935
:1006F000DFED237A002918BFB0EE670A704710EECD
:10070000102A643302EBC353DFED1E7A00EE103A79
:1007100020EE270A70471C4B9FED1C7ADFED1C6A08
:1007200003EB8103D3ED007AE0EE077A9FED197AAF
:10073000FDEEE77AF0EE404A17EE903AF8EEE77AEF
:10074000E7EEE64A67EE877A5AE730EE070A704727
:100750001772B1421872B13E9115853F8C14010891
:10076000841401084CBB31330EEADDB555B38A3829
:10077000ABAA2A3E610B36BBCAF24971B5F1CF4232
:10078000000000000000800D941401083BAAB83F4F
:100790008071313FD1F7173770B510EE103A8B4AA0
:1007A00023F00044944286B0054671D9884A9442A9
:1007B0001E4624D823F00042002BDFED867A8649BE
:1007C00022F00F02B0EE407A40F3E6808A4270EEEB
:1007D000677A09BF9FED817ADFED816ADFED816A7B
:1007E00077EEC77A37EEE67A77EEC77A80ED007A51
:1007F00077EEE67AC0ED017A012006B070BD7A4A44
:10080000944253D9B4F1FF4F49D2E215863AA4EB92
:10081000C25307EE903ABDEEE77ADFED746AB8EEA8
:10082000C77A77EEC77A8DED037A67EEA67ABDEECA
:10083000E77AB8EEC77A77EEC77A8DED047A67EE7D
:10084000A67AF5EE407AF1EE10FACDED057A40F099
:100850008E80B5EE407AF1EE10FA40F08A800123E6
:10086000634901910221009103A8294600F0FCF898
:10087000002EC2DA95ED007AD5ED017AB1EE477A15
:10088000F1EE677A85ED007AC5ED017A4042B4E772
:10089000002285ED000A4260002006B070BD70EEB7
:1008A000407AC0ED017AC0ED007AF5E700F0AAF8D1
:1008B0009FED507A9FED476AF6EE007AE0EE077AF8
:1008C0009FED477AFDEEE77AF8EEE76A17EE900AB9
:1008D000A6EEC60A1F2866EE877AB1EE666A30EE8B
:1008E000677A1EDC444A411E26F0004352F821205C
:1008F00023F0FF03934214D085ED007A30EE470ACF
:10090000002E30EE670A85ED010ABFF676AFB1EE34
:10091000477AB1EE400A85ED007A85ED010A404242
:100920006BE717EE103AC3F3C753C3EBD453082B4E
:100930004FEAE452E0DD9FED297A9FED2A5AF0EE6E
:10094000405AE6EE075A70EE657AE6EE077AD6EE82
:10095000857A35EEE77A17EE103AC3F3C753D21A09
:10096000192A08DCB0EE650A85ED007AC6E7032394
:1009700076E7022374E79FED217A9FED215AB0EECE
:10098000650AA6EE070A75EEC07AE6EE077AD6EE9D
:10099000857A30EE677AAFE78A4270EE277A09BF30
:1009A0009FED0E7ADFED0E6ADFED0E6A77EE877A45
:1009B00037EEA67A77EEC77A80ED007A77EEA67AE0
:1009C000C0ED017A4FF0FF3017E700BFD80F493F65
:1009D000E3CB1640800FC93FD00FC93F00443537E5
:1009E0004344353708A3852E800F494300008043D8
:1009F0001C15010884F9223F9C14010800A3852ED0
:100A000032318D2410EE103A23F0004300EE103AFC
:100A1000704700BF10B52DED028BB0EE408A044642
:100A2000FFF768FAB0EE480ABDEC028B046010BD17
:100A300030B1F1EE407A27EE800A2220FFF7EABFBC
:100A4000F0EE407A27EE800A2220FFF7E3BF00BFD6
:100A50009FED010AFFF7ECBF000000109FED010AB7
:100A6000FFF7E6BF000000702DE9F04F2DED048B7D
:100A7000DBB01C46944603930A46BA4B68991CF1B6
:100A8000040F53F82170824604F1FF39C0F25682F8
:100A9000BCF1030348BF0CF10403DB1002930133E4
:100AA0004FEAC30EACEB0E030593029B17EB090054
:100AB000A3EB090316D401309FEDAB7A699C18446F
:100AC0001EA9002BA4BF54F8235007EE905A03F13F
:100AD0000103ACBFF8EEE77AF0EE477A8342E1EC2F
:100AE000017AEED1002FC0F2E28203991EA800EB3A
:100AF00081004FEA81087E18002346AD4C460AEB80
:100B00008101B9F1000F80F2C8800134B44245F888
:100B1000043B00F10400F4D10DF1280B0BEB87032B
:100B2000CDE9062E043B9FED929ADFED908A059861
:100B300004930AEB080446AE0BEB87080097CDF848
:100B400020C00DEB8703002F93ED460A4FEA87057F
:100B500015DD73195A4660EE097AB0EE407AFDEE63
:100B6000E77A73ED016AF8EEE77AB342A7EEE87A26
:100B700037EEA60ABDEEC77AA2EC017AEBD101905E
:100B800000F0B8FAF4EE007AB0EE408A20EE270AC0
:100B900000F01EFBF2EE007AA0EE678A01980028B2
:100BA000FDEEC89AF8EEE97A38EE678A40F3828063
:100BB000791EC0F108035BF821E04EFA03FC0CFA41
:100BC00003F3AEEB030EC0F1070219EE903A4EFAB2
:100BD00002F26344002A09EE903A4BF821E000F358
:100BE000AF80B5EE408AF1EE10FA74D1009B9F42BF
:100BF0000ADD5D44002355F8041D454543EA010321
:100C0000F9D1002B40F00281009B013B5BF82320CF
:100C10007B1C9C46002A40F0F780049A012152F880
:100C2000045D0131002DFAD03944029D039A05EB91
:100C3000030E0EF1804E699D0EF1FF3E3A4405EB26
:100C40008E0E1EAD06EB830705EB8205DEED017A05
:100C5000F8EEE77AB9F1000F0EF1040EE5EC017A37
:100C6000DFED417A09DB2A465346F3EC016A32EDA7
:100C7000017AA342E6EE877AF7D10CF1010C8C459C
:100C8000E7EC017AE2DD0F465BE70134B442E5ECC4
:100C9000017A00F104003FF43FAFDFED337A834681
:100CA0005346F3EC016A3BED017A8B42E6EE877A1C
:100CB000F7D1EAE700F09180F6EE007AB4EEE78A29
:100CC000F1EE10FA80F22981B5EE408AF1EE10FAC9
:100CD0004FF000028AD09246DDE9062EDDF820C0F2
:100CE0000197AEEB0C00B0EE480A009F009200F0B6
:100CF00001FADFED1E6AB4EEE60AF1EE10FADDE964
:100D00000023F0EE407AC0F29C819FED197A05999C
:100D100020EE077A0831BDEEC77A0591B8EEC77AA2
:100D20005C1CE7EE667ABDEEC77AFDEEE77A17EE59
:100D3000901A4BF8231017EE103A4BF824307EE04F
:100D40000133002F09EE903A40F39D8159464FF050
:100D5000000E51F8043B002B39D0C3F5807341F8E5
:100D6000043C0CE060180108000000000000804313
:100D70000000803B0B68C3F1FF0341F8043B0EF118
:100D8000010E7745F6DC01239E4600280BDD012885
:100D900000F0BB80022806D1791E5BF8213003F0F9
:100DA0003F0C4BF821C0022A7FF41BAFB7EE000ABC
:100DB000734630EE488A002B3FF413AF099201903E
:100DC00000F098F90198099A38EE408A09E70EF187
:100DD000010E7745BDDC9E46D7E77B1E5BF82320DE
:100DE000D211002A7FF7FDAE19EE903A002F03F1E1
:100DF000010309EE903AA9DC022A7FF4F2AEF7EE85
:100E0000007A37EEC88AECE619460EE73B46924672
:100E1000DDE905125C1EA1F108005BF82410009FBB
:100E2000059061B903F18043013B0BEB830301465D
:100E300053F8040D013C08390028F9D005910598B4
:100E40000092B7EE000A00F055F9002C009AB0EEBF
:100E5000407AC0F22281601C46AD5FED3B6A8100A2
:100E60000BEB800305EB800073ED017AF8EEE77A77
:100E70005B4567EE877A27EE267A60ED017AF3D13B
:100E80000DF1C8080E1F2E44C646A4460025002FAB
:100E90007DDBDFF85C92DFED957A3046002307E0DA
:100EA000F9EC016AB0EC017A9F42E6EE877A03DB47
:100EB000AB4203F10103F3DD0CF1FF3CBCF1FF3F5A
:100EC000EEEC017A05F10105A6F10406E1D1689B7B
:100ED000022B6ADC002B36DC0ED1DFED847A414434
:100EE00031ED017A414577EE877AF9D15346002BEF
:100EF00040F0C680C2ED007A19EE903A03F0070088
:100F00005BB0BDEC048BBDE8F08F791E5BF821303F
:100F100003F07F0C4BF821C045E719EE903A002F03
:100F200003F1010309EE903AC8BF02223FF70EAF6A
:100F3000F7EE007A37EEC88A022252E600234FF01D
:100F4000080E0293AEE5DDED327A9FED687A4144FA
:100F500071ED016A414537EE267AF9D15346002BEF
:100F600040F0848077EEC77A82ED007A64B133A9CD
:100F70000123B1EC017A01339C4277EE877AF8DAEB
:100F800053460BB1F1EE677AC2ED017AB4E70CF18A
:100F9000FF3C0023BCF1FF3F4EF8043B05F1010587
:100FA000A6F104067FF473AF91E7689B032BA3D1EE
:100FB000002C00F08C8008EB840595ED007AA000F1
:100FC0002B46294671ED017AF0EE476A37EE277A13
:100FD000414577EEC77A81ED007A77EEA67AC1EDCA
:100FE000017AEFD1012C72D095ED007A08F104015D
:100FF00073ED017AF0EE476A37EE277A994277EE81
:10100000C77A83ED007A77EEA67AC3ED017AEFD145
:10101000031DDFED367A434408F1080833ED017A09
:10102000984577EE877AF9D15346DDED326A9DED2A
:10103000337A73B9C2ED006A82ED017AC2ED027AA9
:101040005AE7FDEEC07A1C4617EE901A4BF82310B3
:10105000F5E6F1EE666AB1EE477AF1EE677AC2ED37
:10106000006A82ED017AC2ED027A45E7F1EE476A45
:1010700077EEC77AC2ED006A002C7FF478AF81E783
:10108000F1EE677A36E7012815D002287FF4B4AE76
:101090000EF03F034BF82130AEE6689B022B12DCCA
:1010A000002B17DC7FF428AFDFED107A1EE7039BDF
:1010B0004FEA830830E50EF07F03022A4BF8213017
:1010C0007FF48FAD9BE6689B032B7FF415AFDFEDBC
:1010D000077AA9E75346DDED327A1BB14FF00043A2
:1010E00013604FE7002313604EE700BF00000000CD
:1010F0003418010810EE103A33F000411A4625D09A
:10110000B1F1FF4F1FD213F0FF4F20D1DFED297A4D
:10111000294A60EE277A904217EE903A31DB4CF282
:10112000503CC3F3C75160451A46A1F1190114DDC3
:10113000002BDFED227A9FED210AB8BFDFED207A88
:1011400027EE800A704730EE000A704770474CF275
:10115000503C60454FEAD151EADC0144FE29E7DC0E
:10116000002915DC11F1160F19DB193122F0FF42AD
:1011700042EAC15207EE902A9FED120A27EE800A3A
:101180007047DFED117A07EE103A27EE270A704715
:1011900022F0FF4242EAC15300EE103A7047002BA2
:1011A000DFED097A9FED080AB8BFDFED087A27EE78
:1011B000800A70470000004CB03CFFFFCAF2497142
:1011C000CAF249F1000000336042A20D6042A28DD4
:1011D00010EE102AC2F3C7537F3B162B22F00041BA
:1011E0001BDC002B10461EDB1A4919410A4223D092
:1011F000DFED197A70EE277AF5EEC07AF1EE10FA8B
:101200001ADD002A04DA4FF4000242FA03F318440C
:1012100020EA010300EE103A7047B1F1FF4F0BD303
:1012200030EE000A7047DFED0C7A70EE277AF5EEAB
:10123000C07AF1EE10FA00DC7047002A02DB9FED65
:10124000070A704711B99FED060A7047BFEE000A02
:10125000F2E700BFFFFF7F00CAF249710000000003
:1012600000000080F8B500BFF8BC08BC9E4670477F
:0C127000F8B500BFF8BC08BC9E467047F3
:10127C000000000000000000000000000000000062
:10128C00000000000100000002000000030000004C
:10129C000400000000000000050000000000000039
:1012AC00000000000000000006000000000000002C
:1012BC0000000000000000000700000072656D6F68
:1012CC00746553656D00000052656D6F74655F54F5
:1012DC0061736B004C6F735F5461736B00000000A3
:1012EC004D6F746F725F5461736B00004C45445FBB
:1012FC005461736B0000000064656661756C745416
:10130C0061736B0049444C4500000000546D7251F0
:10131C0000000000546D72205376630053544D331B
:10132C0032205669727475616C20436F6D506F7208
:10133C007400000053544D6963726F656C6563747F
:10134C00726F6E696373000043444320436F6E6693
:10135C006967000043444320496E7465726661639B
:10136C0065000000C8120108000000000000000029
:10137C0000000000D4120108000000000000000072
:10138C00000000000000000000040000300000001D
:10139C000000000000000000E01201080000000046
:1013AC00000000000000000000000000000200002F
:1013BC00080000000000000000000000EC12010812
:1013CC000000000000000000000000000000000011
:1013DC0000040000180000000000000000000000E5
:1013EC00F8120108000000000000000000000000DE
:1013FC0000000000000200000800000000000000D7
:10140C0000000000041301080000000000000000B0
:10141C0000000000000000000002000018000000A6
:10142C0000000000000000000000000001020304A6
:10143C000102030406070809000610160006101620
:10144C000001020304050607080C10141820304094
:10145C00010002000400060008000A000C00100045
:10146C002000400080000001080402040801010172
:10147C000101010307010000D1F71737D1F717B7A6
:10148C008071313F807131BF0000003F000000BF10
:10149C00000FC93F000F494000CB9640000FC940D8
:1014AC000053FB4000CB164100ED2F41000F49418A
:1014BC000031624100537B41003A8A4100CB964196
:1014CC00005CA34100EDAF41007EBC41000FC9415F
:1014DC0000A0D5410031E24100C2EE410053FB4176
:1014EC0000F20342003A0A420083104200CB16423B
:1014FC0000141D42005C234200A5294200ED2F423E
:10150C0000363642007E3C4200C74242000F494240
:10151C00A2000000F9000000830000006E00000033
:10152C004E000000440000001500000029000000DF
:10153C00FC0000002700000057000000D100000054
:10154C00F500000034000000DD000000C0000000C9
:10155C00DB00000062000000950000009900000014
:10156C003C0000004300000090000000410000001F
:10157C00FE0000005100000063000000AB00000002
:10158C00DE000000BB000000C50000006100000090
:10159C00B7000000240000006E0000003A000000BC
:1015AC00420000004D000000D2000000E0000000EE
:1015BC0006000000490000002E000000EA000000B8
:1015CC0009000000D1000000920000001C00000087
:1015DC00FE0000001D000000EB0000001C000000DD
:1015EC00B100000029000000A70000003E00000030
:1015FC00E80000008200000035000000F50000004B
:10160C002E000000BB00000044000000840000001D
:10161C00E90000009C0000007000000026000000A3
:10162C00B40000005F0000007E00000041000000DC
:10163C003900000091000000D600000039000000C5
:10164C00830000005300000039000000F40000008B
:10165C009C000000840000005F0000008B00000074
:10166C00BD000000F9000000280000003B00000055
:10167C001F000000F800000097000000FF000000B1
:10168C00DE00000005000000980000000F000000C4
:10169C00EF0000002F000000110000008B00000084
:1016AC005A0000000A0000006D0000001F0000003E
:1016BC006D000000360000007E000000CF0000002E
:1016CC0027000000CB00000009000000B70000005C
:1016DC004F000000460000003F00000066000000C4
:1016EC009E0000005F000000EA0000002D000000DA
:1016FC007500000027000000BA000000C7000000C1
:10170C00EB000000E5000000F10000007B00000091
:10171C003D0000000700000039000000F700000049
:10172C008A0000005200000092000000EA00000055
:10173C006B000000FB0000005F000000B100000027
:10174C001F0000008D0000005D000000080000007C
:10175C0056000000030000003000000046000000AE
:10176C00FC0000007B0000006B000000AB000000E0
:10177C00F0000000CF000000BC00000020000000C2
:10178C009A000000F4000000360000001D0000006C
:10179C00A9000000E30000009100000061000000BF
:1017AC005E000000E60000001B00000008000000C6
:1017BC006500000099000000850000005F0000003B
:1017CC0014000000A00000006800000040000000B1
:1017DC008D000000FF000000D80000008000000019
:1017EC004D000000730000002700000031000000D5
:1017FC000600000006000000150000005600000066
:10180C00CA00000073000000A8000000C90000001E
:10181C0060000000E20000007B000000C00000003F
:10182C008C0000006B0000000000C93F0000F03984
:10183C000000DA370000A2330000842E0000502B89
:10184C000000C2270000D0220000C41F0000C61BED
:10185C00000044170400000007000000090000000D
:08186C00D4F2FE7F0100000030
:0818740059FF0008DD0C00081B
:04187C00B50C00089F
:1018800001000000000000000090D0030090D00391
:10189000F9003636000000000000804066662640F1
:1018A000CDCCCC3D8FC2753C000000009A99193F09
:1018B0000AD7233C0000803E0000C03FCDCCCC3D89
:1018C0000400000000000000CDCC4C3E01000000F0
:1018D0001000000009024300020100C032090400A8
:1018E000000102020100052400100105240100018D
:1018F00004240202052406000107058203080010E3
:1019000009040100020A000000070501024000006E
:101910000705810240000000E5C2000881C20008FE
:101920006DC100080000000093BF0008F1C000086E
:10193000B9C0000800000000000000000000000026
:1019400071C0000829C00008E1BF0008D5BF000829
:101950000A0600020000004001000000AAAAAAAA8C
:10196000F9F60008D1F60008D5F60008DDF6000803
:10197000D9F600081A030000000000000000000073
:101980000000000000000000000000000000000057
:1019900004030904120100020202004083044057BC
:1019A000000201020301000021F700082DF70008E2
:1019B000F1F70008CDF70008B9F700080DF80008A6
:1019C00031F8000800000000500100240000000071
:1019D00000000000047700246C770024D4770024F2
:1019E00000000000000000000000000000000000F7
:1019F00000000000000000000000000000000000E7
:101A000000000000000000000000000000000000D6
:101A100000000000000000000000000000000000C6
:101A200000000000000000000000000000000000B6
:101A300000000000000000000000000000000000A6
:101A40000000000000000000000000000000000096
:101A50000000000000000000000000000000000086
:101A60000000000000000000010000000000000075
:101A70000E33CDAB34126DE6ECDE05000B0000003A
:101A80000000000000000000000000000000000056
:101A90000000000000000000000000000000000046
:101AA0000000000000000000000000000000000036
:101AB0000000000000000000000000000000000026
:101AC0000000000000000000000000000000000016
:101AD0000000000000000000000000000000000006
:101AE00000000000000000000000000000000000F6
:101AF00000000000000000000000000000000000E6
:101B000000000000000000000000000000000000D5
:101B100044780024FFFFFFFF0000020000000000E7
:101B20000000000000000000A0020024A002002429
:101B3000A8020024A8020024B0020024B00200245D
:101B4000B8020024B8020024C0020024C00200240D
:101B5000C8020024C8020024D0020024D0020024BD
:101B6000D8020024D8020024E0020024E00200246D
:101B7000E8020024E8020024F0020024F00200241D
:101B8000F8020024F80200240003002400030024CB
:101B90000803002408030024100300241003002479
:101BA0001803002418030024200300242003002429
:101BB00028030024280300243003002430030024D9
:101BC0003803002438030024400300244003002489
:101BD0004803002448030024500300245003002439
:101BE00058030024580300246003002460030024E9
:101BF0006803002468030024700300247003002499
:101C00007803002478030024800300248003002448
:101C100088030024880300249003002490030024F8
:101C20009803002498030024A0030024A0030024A8
:101C3000A8030024A8030024B0030024B003002458
:101C4000B8030024B8030024C0030024C003002408
:101C5000C8030024C8030024D0030024D0030024B8
:101C6000D8030024D8030024E0030024E003002468
:101C7000E8030024E8030024F0030024F003002418
:101C8000F8030024F80300240004002400040024C6
:101C90000804002408040024100400241004002474
:101CA0001804002418040024200400242004002424
:101CB00028040024280400243004002430040024D4
:101CC0003804002438040024400400244004002484
:101CD0004804002448040024500400245004002434
:101CE00058040024580400246004002460040024E4
:101CF0006804002468040024700400247004002494
:101D00007804002478040024800400248004002443
:101D100088040024880400249004002490040024F3
:101D20009804002498040024A0040024A0040024A3
:101D3000A8040024A8040024B0040024B004002453
:101D4000B8040024B8040024C0040024C004002403
:101D5000C8040024C8040024D0040024D0040024B3
:101D6000D8040024D8040024E0040024E004002463
:101D7000E8040024E8040024F0040024F004002413
:101D8000F8040024F80400240005002400050024C1
:101D9000080500240805002410050024100500246F
:101DA000180500241805002420050024200500241F
:101DB00028050024280500243005002430050024CF
:101DC000380500243805002440050024400500247F
:101DD000480500244805002450050024500500242F
:101DE00058050024580500246005002460050024DF
:101DF000680500246805002470050024700500248F
:101E0000780500247805002480050024800500243E
:101E100088050024880500249005002490050024EE
:101E20009805002498050024A0050024A00500249E
:101E3000A8050024A8050024B0050024B00500244E
:101E4000B8050024B8050024C0050024C0050024FE
:101E5000C8050024C8050024D0050024D0050024AE
:101E6000D8050024D8050024E0050024E00500245E
:101E7000E8050024E8050024F0050024F00500240E
:101E8000F8050024F80500240006002400060024BC
:101E9000080600240806002410060024100600246A
:101EA000180600241806002420060024200600241A
:101EB00028060024280600243006002430060024CA
:101EC000380600243806002440060024400600247A
:101ED000480600244806002450060024500600242A
:101EE00058060024580600246006002460060024DA
:101EF000680600246806002470060024700600248A
:101F00007806002478060024800600248006002439
:101F100088060024880600249006002490060024E9
:081F2000980600249806002435
:040000050800297551
:00000001FF
